tempo (s):,4,8,12,16,20,24,28,32,36,40,44,48,52,56,60,64,68,72,76,80,84,88,92,96,100
raw_data/NINV_pos36.csv,0.8641337290296436,0.8698898755957997,0.8919732999278638,0.8493771457217112,0.7445126295317458,0.6692055030119672,0.5718060066025629,0.37579173429255025,0.2242572061921939
raw_data/INV_pos24.csv,0.7659473962723898,0.6760558482816041,0.6633744563367547,0.5722030051730405,0.5378200862609577,0.43288669189223183,0.36819942539932016,0.2719464767085761,0.17970386853700326,0.1971148514912238,0.2974234046563201,0.42983718744269434,0.43991844125251095,0.4167809668126185,0.3862185992147726,0.3311319496092399,0.3433753001260618,0.30109327918327505,0.19032343360884793,0.28642562775509306,0.39974837110371153,0.25946803721462935,0.030577869768891233
raw_data/INV_pos12.csv,0.7535203029527884,0.6293928548753734,0.7042711931973592,0.7384090757430798,0.6807770186047253,0.6724827885580829,0.7001720905445823,0.673404245396348,0.6419143827387823,0.6446922646858517,0.6627216919499319,0.6659196554070342,0.6305646637439869,0.6092573474806172,0.6186937364129984,0.642052447284764,0.6700058855840588,0.684054379562688,0.6783895002007639,0.6402880945897134,0.5806817773800771,0.5102388403879481,0.38469494520298053,0.3406196788030426
raw_data/NINV_pos56.csv,0.7004795652361934,0.6992859991330721,0.6350855867065854,0.5712117261166094,0.521578326370862,0.3840790098211612,0.26498633484982803,0.13325754797232828,0.0868028506130606,0.1396056619908063,0.19275737310164856,0.23769743335796237,0.3255466694283715,0.46864680426077854,0.6526155273251277,0.6021068775483983,0.5161620343166241,0.41331957868611313,0.4052321462441569,0.5049055257885865,0.45652598839323516,0.38678349674812207,0.31075610222995503,0.2921837768143252
raw_data/NINV_pos82.csv,0.7516011392591609,0.597995953777144,0.5376842628922446,0.5582869067083123,0.5555287240350556,0.5075052716254214,0.44017523178938767,0.4034313435910197,0.37960993662412623,0.31918224022588965,0.2681678050806344,0.3025931385236447,0.35989065021895056,0.4826451009892867,0.6016115089625631,0.661224638805398,0.6877350971499263,0.7044169587509066,0.7112174546397174,0.6673501684901518,0.5819481497048193,0.5224538620657189,0.5041563640187893,0.5416033921114579
raw_data/INV_pos22.csv,0.6095413532249891,0.3980913739161231,0.2531124861573878,0.14640892275712933,0.24894507251286654,0.18489739269896352,0.04715653044075935,---,---,---,---,---
raw_data/NINV_pos31.csv,0.6126484806375337,0.4754242072532474,0.5140853424350322,0.5051954667479807,0.36299645903505284,0.24616621026777974,0.290033644709067,0.25946848469604417,0.13654310435226374,0.16165769798727453,0.21285482795771143,0.12261115587447649,---,---,0.10109942804773599,0.04998015207558078,---,---,0.09380150333429915,---,---,0.013085654684739514,0.1302545379114328,0.06637319080658058
raw_data/NINV_pos58.csv,0.6282269372339095,0.6523601223135681,0.6461154030708357,0.6263161066794803,0.6077483117658466,0.5485901532974932,0.46685554598560847,0.43736051717934876,0.40711911697363573,0.37879669582790904,0.3659027920033017,0.3601359380554921,0.3849267512228132,0.415209088461387,0.4290666674409244,0.41922621886810874,0.38776902616811737,0.42075589449451234,0.42468905856339645,0.4370194431675904,0.3594656125918204,0.29842405618575973,0.2441104096333102,0.35495673256242005
raw_data/NINV_pos59.csv,0.7095726570052472,0.5538528387471794,0.5273611834923987,0.49084692378403616,0.42772304586741294,0.47019072003593404,0.5462487420502344,0.5401068600335831,0.5851695161099083,0.5247305689236933,0.3710781271177467,0.2689474990915845,0.2433753069322719,0.24789867777669375,0.3183094857749377,0.3116086509396886,0.29026106019109926,0.33307379069626986,0.4018067029459989,0.3533703192923084,0.3026143325494409,0.3673473644454829,0.44080299817691887,0.5068407006561707
raw_data/NINV_pos20.csv,0.8420591784279764,0.7784511832530082,0.7239370774215128,0.6438986908971382,0.5577248782762642,0.5048214540310411,0.4778258662808494,0.46073949184909363,0.4611370160543673,0.4621434580656524,0.44115623809056154,0.415952991057924,0.37396583770223674,0.3281658265611875,0.30642898267205687,0.31076652274636835,0.30885688983631077,0.29148467401522205,0.2326729890435459,0.18246695599328888,0.14381844548692074,0.15467046194241763,0.20119667187505594,0.2939148036020684
raw_data/INV_pos8.csv,0.7687536499416076,0.7549465527195847,0.7751742115183038,0.7710772275335425,0.7535566435167003,0.6973014196821488,0.6554655302769011,0.6286599427954322,0.6160355101024587,0.5572602763311084,0.4870135910432082,0.48237692921275055,0.49551255338457173,0.5336623661504533,0.5683252353648768,0.5353083582054794,0.5364283021255025,0.5890836301980458,0.6297039124709007
raw_data/INV_pos6.csv,0.7756003910586557,0.7305747363526002,0.6676233084943375,0.624239986204869,0.5469813667204292,0.5089682901125335,0.4833302265933146,0.45397096394561176,0.438506114718189,0.4332061360708425,0.44439551531672744,0.4586467187704029,0.46245683217691,0.4715062665750267,0.48505216870869705,0.4871617865553855,0.482064687820083,0.5093304161893955,0.5212483989560641,0.5249792207286025,0.5028234963023503,0.5026934739623112,0.4958880287197748,0.46561495037931294
raw_data/NINV_pos52.csv,0.9104843514240725,0.9087276426805544,0.9037388042643045,0.8889983301281329,0.8747358036112998,0.8692031812561432,0.8630541418516389,0.856917378812951,0.8575013353169285,0.8518573334978641,0.8322503329136888,0.801629666805045,0.7953436969116874,0.779313300902515,0.739430342349411,0.723379963932225,0.7164393629078561,0.7081231002652507,0.7161520869067888,0.7155768942081008,0.7312238786171666,0.7453352937116089,0.7559310701577545,0.7456793509370188
raw_data/INV_pos10.csv,0.8409271582843976,0.7663610015232258,0.6839178619450318,0.622020149399455
raw_data/INV_pos9.csv,0.6209382420938567,0.5079097529090232,0.5958651582179858,0.550578883376944,0.6525788255532812,0.5994141012474623,0.5017618440435296,0.5597720807968862,0.542027056306364,0.5734019065654523,0.5465067055373757,0.5361868464804865,0.6629582454425276,0.694239032395019,0.7005224234065478,0.7048821411569275,0.6777834988800742,0.6055861967959782
raw_data/NINV_pos40.csv,0.8271901560814221,0.7919362978909955,0.7587667583789688,0.7014155192054109,0.6571473259386255,0.6205741030660329,0.5983735105538411,0.5760333980574599,0.5580123295364188,0.549446228087583,0.5509193218441102,0.5117834765634753,0.470187074821801,0.4213061922311236,0.3542110176699983,0.30045667164344125,0.22226184408941832,0.20484987898906387,0.22128264528691258,0.24209495577909906,0.3172923499943693,0.3833961986385832,0.42504782856256024,0.4265117575155436
raw_data/NINV_pos79.csv,0.3352424966084247,0.3822142610433545,0.4864808663819895,0.21729209711773598,0.36914499298515596,0.033562304981686185,0.1404392350891142,---,0.06338386757847986,0.47379047261724067,0.5830188510481276,0.40420754222593996,0.4757472968440921,0.6372470424657585,0.41742369128197987,0.43373676855992915,---,0.18558087073938978,0.2645510828888275,0.4193123110543996,0.3126544343226385,0.43029108850444525,0.5979299806469233,0.6967377079208419
raw_data/NINV_pos47.csv,0.7392889020378937,0.684188103426643,0.6545551907786785,0.6842425832165727,0.6589466168988475,0.7093994170471383,0.818395736416706,0.7390756512171923,0.8232525857523542,0.825589430115684,0.8068031108920064,0.7578058720411835,0.720862791636772,0.6447258743309572,0.6079021079606728,0.5629074753758483,0.6217008491090512,0.6412765840638462,0.6395560070819377,0.5543375928001131,0.5421163430565327
raw_data/NINV_pos67.csv,0.7867198353744802,0.7457751553778152,0.721706114750389,0.6932464596947889,0.6626682940910217,0.6836161552565659,0.7176822800103567,0.7504473489304716,0.7636503188442528,0.7579139205315074,0.7384534616466059,0.7295194639005343,0.7102453447257244,0.7002331578726214,0.7111637763413368,0.7178294016652534,0.71335986993196,0.727169677896146,0.7174328573990696,0.7020980028816821,0.6996412081461216,0.6845642118624757,0.6759057274375313,0.6615234084610448
raw_data/NINV_pos64.csv,0.8859438938926536,0.8574543119095518,0.843057951970559,0.822542426201474,0.797345198485955,0.7604571414863092,0.7575829829635403,0.777478241107975,0.8114708937751394,0.8451842864872928,0.8711824055165194,0.8884952684973039,0.8861880260552986,0.8689005131537485,0.8536775582741829,0.8367566684778088,0.8188565423144054,0.8064192913126735,0.7987849214126137,0.7921673058126057,0.7810216682655856,0.7661382012613162,0.7461150022668833,0.7297026584052123
raw_data/NINV_pos14.csv,0.7361985976983317,0.7827182557749903,0.794608206028435,0.7689089244369621,0.7653942588766363,0.7419258019719083,0.755735709121306,0.7499172714344079,0.7405594013837129,0.7162748352307747,0.6850874139460623,0.6655457167576557,0.6374311838004021,0.6119827084083741,0.6121064169544066,0.5927044730482388,0.5732872777958463,0.5754331262676725,0.558599728755643,0.5695688079648938,0.5401040830699465,0.5277241587834736,0.5250096506978678,0.5127918278615488
raw_data/NINV_pos73.csv,0.8603926612971896,0.7898324265207695,0.7169061158267488,0.648788245357991,0.5688638387274977,0.4761110734665446,0.38923504863383035,0.3190385149176635,0.2855606417179005,0.25677100534710007,0.23370193329694852,0.2002886583330485,0.15826905426625396,0.10370536998268932,0.0629471758628974,0.04474481359613035,0.0917363375362084,0.1692026645389073,0.28188729491623343,0.3715472179046445,0.41184704797601274,0.409906066412887,0.4116804191360697,0.42004097718043404
raw_data/INV_pos11.csv,0.6249667272192906,0.5096094679803752,0.4931987227839513,0.3286225206322556,0.23531852359368388,0.18849686244892777,0.21259276926863768,0.44047214679661095,0.3754510183612071,0.4900736722554798,0.4689346676797197,0.2983226246660496,0.2039688699418678,0.2384584905124726,0.5949187286348017,0.5169007743636975,0.44035685647787665,0.8351661694866872,0.8897170982410743,0.6501275817064127,0.6232396407567321,0.5624030576644068,0.5410033315436602,0.5016933127391391
raw_data/NINV_pos87.csv,0.6120361263700781,0.4893659157135543,0.4189775423283185,0.3582012214688132,0.3988803200310143,0.4716957864948978,0.48832692493689084,0.6179128611277537,0.5682666440447226,0.4193337243598875,0.605805997642242,0.6178303341320505,0.5315087476522962,0.5910744946308074,0.6692581365141531,0.5469374651895015,0.4235415849368178,0.43855350242287056,0.39720098587219216,0.43358563131858463,0.39849538950307645,0.442628177806104,0.37814401734049036,0.4122157468147575
raw_data/NINV_pos48.csv,0.7743056203403125,0.7385473191413724,0.7270689339641137,0.6801347013442411,0.6913444604975743,0.6814749872688576,0.6423450710910545,0.582243929396258,0.5486645949901898,0.5245791531438594
raw_data/NINV_pos34.csv,0.8286123707280516,0.7346428969618599,0.6959775645838525,0.7323552616693239,0.804839025440888,0.8371540423720765,0.8054985075316541,0.7551774891946901,0.7359749009251659,0.755573832772171,0.7870872829283301,0.8024631082657775,0.8352686457733058,0.8546033030314288,0.8734753994834581,0.8864583981586395,0.9177031682022483
raw_data/NINV_pos53.csv,0.7062698286370019,0.6356702968106628,0.6554874600876033,0.6512657534824641,0.5682280611695693,0.5539442308372847,0.5610071859115278,0.5124229907570805,0.444858944691152,0.4610321231335176,0.48715257237478654,0.5206577884097392,0.5682275056255253,0.608305877891483,0.5783987590109183,0.5893262397476422,0.5909832533063762,0.5759544449430282,0.5611856261954709,0.6214085716133779,0.6019369071022763,0.4691399931305871,0.5282841980508503,0.46437415408583427
raw_data/INV_pos25.csv,0.7603817228469117,0.5881486875435143,0.4064357620391682,0.3428924777333856,0.37679026396169235,0.4443470845758403,0.5224257874174969,0.5592043234703813,0.6821478548326915,0.7331319811082881,0.6326537565567926,0.4549030973338651,0.30878953749037563,0.327782267322347,0.4227378646304527,0.5028536702669604,0.510028655773031,0.524628028002534,0.5000421775716472,0.4387439930082065,0.4191927109665504,0.389712030558255,0.3954061449934469,0.4325990113263022
raw_data/NINV_pos11.csv,0.7773516557703682,0.6571855027974771,0.5273090560492931,0.5236724420120262,0.5870179687814612,0.577790098025728,0.47281847037226743,0.37667971870696665,0.3448771048719995,0.33728650486995004,0.4764980589574184,0.6742813807760021,0.6345299835045989,0.5682639681513506
raw_data/NINV_pos63.csv,0.7368206147029299,0.6705521987875286,0.6109678702686737,0.5875913674746611,0.516825139837602,0.42946402728708627,0.4406580830917208,0.36488853109059904,0.3825671320214655,0.3875200194743987,0.46022868501667347,0.46148174635557915,0.440259343959196,0.46004081120930884,0.485242821048822,0.43180847940161665,0.4210480306289744,0.45303141777286465,0.32972551624320107,0.28451195044644867,0.2788606294742853,0.3481454760022631,0.46141366295052133
raw_data/NINV_pos44.csv,0.7632106907795343,0.6890684000987801,0.646338400937539,0.6467222575596879,0.6066663180597791,0.6015398014004326,0.6180746333928026,0.61801221730461,0.587435389860017,0.5816350770065017,0.5866021743123996,0.5078952310649685,0.43085762496452906,0.33784937622860434,0.25968822679369097,0.24574786378955038,0.2796716192278197,0.27626402591835114,0.2495554234655141
raw_data/INV_pos17.csv,0.6417560260296907,0.7074104817518697,0.6624960659938285,0.6031725460975569,0.663006752505627,0.6589107528823962,0.7287508453498636,0.6329085609885957,0.3743653148815003,0.33761818633297125,0.30161216610544866,0.3265232102162789,0.33091912013085045,0.33777807054601333,0.272162844656152,0.24315990533938897,0.26740040501381823,0.17479546460857504,0.26396464548128373,0.3056987233399256,0.2948292571009053,0.2668913731668853,0.20628491025932089,0.22896470330779217
raw_data/NINV_pos84.csv,0.8307720919853278,0.840024883095158,0.7654333477905125,0.7830773783954691,0.7909555172083891,0.8365662524754016,0.8100516616619036
raw_data/NINV_pos8.csv,0.8829482453667504,0.8258075931179537,0.7613139689920955,0.6973383755258757,0.6234859534254634,0.52995918151437,0.4041659447943843,0.24907086982566515,0.11066464556434938,---,---,---,---,---,---,---,0.07345277574685452,0.1119660505817311,0.08647603589079504,0.03868196021607464,---,---,---,0.12012112694303544
raw_data/NINV_pos38.csv,0.8494329069861372,0.8227651083534001,0.7936648837624347,0.7818096913958671,0.7735860118724811,0.7727856276761474,0.7872937697875102,0.7840569064136542,0.7498974715668049,0.7571042889921926,0.7741476238633139,0.8011347972839558,0.8177354932108222,0.8457240744833028,0.8837988426996142,0.9069031300829534,0.9110325967450222,0.8960696700074948,0.9066434173804603,0.8993519656998151,0.9103516213495595
raw_data/NINV_pos16.csv,0.6891349409869414,0.48942768719973095,0.38780422988223456,0.38488545533695856,0.39093735622488873,0.41805540587449325,0.44075015435325754,0.46386574211443715,0.41781649145420774,0.24814844112765644,0.12092264712555231,0.16306306515797367,0.17281617091068005,0.17982792720137417,0.14023539323545559,0.1582463083739919,0.27379584526063816,0.32694865229258424,0.2951520306154217,0.37993721719213747,0.5631520123515812,0.6558990082089833,0.5633861994904154,0.5377251006254214
raw_data/NINV_pos9.csv,0.8582327352206189,0.8200456462240229,0.7876107828796494,0.7569590230559042,0.6709751527060631,0.580933736824291,0.5040521372600002,0.4178770791413571,0.32137406996259277,0.2475058399183006,0.24698596052474311,0.347775792209218,0.43545192310020403,0.46755133576279023
raw_data/NINV_pos12.csv,0.7583649245153635,0.5847120434418204,0.422941594573555,0.43215134276093314,0.476617959237618,0.47880710420323475,0.44638441814359325,0.4597277026523626,0.41011017584886184,0.3172659841853544,0.21048821090106873,0.22282074228713739,0.39152778309852837
raw_data/NINV_pos74.csv,0.3596875090506866,---,0.45499268749550414,0.8900431072753536,---,---,0.8671221997678982,0.3526198316504956,---,0.5927263315702517,0.47248811645042793,---,0.5225481847215027,0.7068262164528555,0.33675913621599984,0.620233055068657,0.4153272425467308,0.2913924634702369,0.7394693114134929,0.5172846793560966,0.05452610760655541,0.4777951609550397,0.7377877232226645,0.04486585731766224
raw_data/NINV_pos66.csv,0.797510224078071,0.7654910702258305,0.7456763842085983,0.744209350287926,0.7367686454397172,0.7383859844159555,0.7296436994693704,0.7234095062885951,0.6815365172733596,0.65734811909731,0.6219671964017072,0.5833538439356616,0.548613138426779,0.5282917890109263,0.5269101248881629,0.5277018354332645,0.5318425418885526,0.5360516747383527,0.5298290676272652,0.47897457699635126,0.49564954939505557,0.5331099590960852,0.543973757938806,0.5625034082702673
raw_data/INV_pos18.csv,0.5769471499092825,0.6384149725391901,0.532887161359439,0.20694034851114967,0.028074839243692907,---
raw_data/NINV_pos70.csv,0.8246804610524163,0.7928161223118926,0.7580456284560974,0.7345253091023451,0.7180979988307146,0.6876630686232778,0.6521450277970603,0.6151417265331468,0.5820608660054605,0.5730192576040835,0.5669677794712868,0.5543530249164031,0.5277016071568971,0.49566214870384373,0.47847399832764864,0.4696101800416836,0.4751283817130617,0.4792693233158428,0.4895332919108254,0.516403671709268,0.5223315736558174,0.5158889175223556,0.5069356714964353,0.49857106212529956
raw_data/INV_pos27.csv,0.5927170930874046,0.3893257415719959,0.5869894418006268,0.5935298595297607,0.3984438462522665,0.3443058739083279,0.27106431027324634,0.11126389164743097,0.16040885833942983,0.1331477333491178,0.023101016577372957,0.021304261332297098,0.19973532079498219,0.27647101332545376,0.42608884094066096,0.46841706485016216,0.47826129656696253,0.6652587075682133,0.5632261965884549,0.6197762570765564,0.6628207848593817,0.6101799121020696,0.6380415835905894,0.63089894583712
raw_data/NINV_pos18.csv,0.621113036041625,0.5047565059540486,0.6543192182518435,0.6383586040962396,0.4412780251309922,0.369208262699453,0.3423673396087444,0.3760026093795976,0.4289520429165632,0.4407693255057655,0.437910219282322,0.43452729186431605,0.42972299320803653,0.4164541419737219,0.3942743819513093,0.3821251108869243,0.374252132702702,0.35292726798435764,0.3122707766062454,0.28763649591743173,0.2617484722913903,0.24885280774981636,0.29677419351961376,0.3898460225628778
raw_data/INV_pos15.csv,0.5283345340480888,0.5586826697969716,0.4975461795242759,0.4884155348382341,0.3763918926632341,0.47055879014010593,0.35563638297589717,0.25581756995485083,0.1459519259843768,0.29796966539649616,0.21204193175950808,0.2381171394264997,0.2302101901547528,---,0.025644133701609995,0.2673109311962795,0.286125987438335,0.5495195139686289
raw_data/NINV_pos35.csv,0.7507967424765196,0.7132094435855321,0.6929243604698151,0.6818304713263692,0.7347086643002175,0.7466117172342092,0.723395458381036,0.7997187238413644,0.763866714944421,0.7720654625120348,0.7654440150762276,0.7153200541339758,0.6540270907884714,0.6031382529527006,0.5801911265777278,0.584592336853201,0.6276745898303314,0.618134459967105,0.5409346406948091,0.517353706502201
raw_data/NINV_pos86.csv,0.7762011368750804,0.6519312299790236,0.572214176563132,0.5307693962993981,0.4635744136129933,0.43216827343524666,0.4519523032606301,0.41203187103126243,0.3250430583886122,0.26121952835320483,0.20679115048455657,0.13077901782312415,0.0738519419701822,0.10802537508392002,0.2121754660554627,0.2733874046698061,0.2646305819720638,0.25414093208978483,0.1643165673578243,---,---,---,---,---
raw_data/INV_pos4.csv,0.9272611959920042,0.8959711259586447,0.8372201597428449,0.7670408336119929,0.6938565342165203,0.6079584778403374,0.5837165530832285,0.6123640238493334,0.6491558756003767,0.6985660611578914,0.7517527049839249,0.7724055388797381,0.804393944227034,0.7948880067713826,0.8276618950792708,0.8493042941788156,0.8659863516983273,0.879114168508827
raw_data/INV_pos26.csv,0.5704910303430958,0.17198059443971564,---,0.23727683432683574,0.5918101883780991,0.7573994449588571,0.5774360209041159,0.2711947763301534,0.35791914387280627,0.5442695173182989,0.4669393268924133,0.40778929247741363,0.5364752462843189,0.6669520182100422,0.5223280311608716,0.45083790439496285,0.5343567390059369,0.5869184646590908,0.580254423334941,0.6241634295657508,0.5581753967089512,0.5935371689216825,0.5404096248464525
raw_data/NINV_pos69.csv,0.6496527774856092,0.4675413341086847,0.3355742838235756,0.3644791563131506,0.35191556548393294,0.2627421311417827,0.28862372022254973,0.3138125962737506,0.2803919675556299,0.47171569824035026,0.5803344167457282,0.743656890917044,0.7538792945303588,0.5770374005919923,0.3581686457809573,0.21869372411399565,0.24623937741963808
raw_data/NINV_pos55.csv,0.7588675287526754,0.7310868552065647,0.7842827268570026,0.7596260286165877,0.720465652385653,0.7200499075701075,0.7357718196930777,0.7432176583138088,0.7498885925449555,0.7359100879824719,0.7604634376472383,0.7412194269478726,0.7070151100190482,0.775020009645664,0.7984136964230387,0.749468392975449,0.7394994749551377,0.7796504988656087,0.8029951973237192,0.8251527845393576,0.8492253491126136,0.8753510177135638,0.8912300661186849,0.8506786376508543
raw_data/NINV_pos80.csv,0.8227973337289524,0.744759965771472,0.6886373289244093,0.6308234417935253,0.6064683776037978,0.6274799295693845,0.6483994571280893,0.6180580377463162,0.5491736271665807,0.49844001130939414,0.460232615037148,0.4373703888218552,0.40093996509180124,0.39514769881540024,0.35004902161363705,0.33528251012799004,0.35366862357012546,0.34352599915312926,0.3053933566084768,0.24784465651543375,0.26237640613452945,0.31595341169533425,0.36396449614844956,0.31662871580138086
raw_data/NINV_pos29.csv,0.8274045968814991,0.7848000582187722,0.7270774013137277,0.6705014984910157,0.6136803272119603,0.5099442511691199,0.39473006067541694,0.2974968809606148,0.2009478743497289,0.16333477302466823,0.12523430958694556,0.11161506688790696,0.18670526373036744,0.3003871201932084,0.46048935095925014,0.5518544861494108,0.5896579909660943,0.571376120519654,0.5223686125357976,0.4688458836407279,0.31659445468209774,0.09719520277078426,---,---
raw_data/NINV_pos3.csv,0.7497880001030753,0.4971426536866235,0.35512466516250046,0.37327782712537255,0.39944501218468353,0.42293339616401493,0.36310864651837305,0.3737422903961654,0.4637802195319466,0.49502833333226415,0.4791439134750571,0.4854544539420484,0.4707752935430723,0.49469067391933397,0.6461311390940143,0.646011162977084,0.563334213375498,0.5657969016982872,0.7230806622076486,0.5713848586801086,0.5011040378701036,0.4951593667568213,0.5189354230475492,0.49498090509324444
raw_data/NINV_pos23.csv,0.8435771108984259,0.844950467193151,0.8578391796877258,0.8815518917404673,0.8926573946899151,0.8918393126026437,0.9035085349076303,0.9088665422799541,0.897368829014825,0.8753186435790588,0.8628246735655892,0.869241298126968,0.8774832708120689,0.8794842208523945,0.8608823520316139,0.8527470959822766,0.8394788670159817,0.8234802795801273,0.7979783539609543,0.8028384815616669,0.8063022113739335,0.8078318983837678,0.8160767190327979,0.8171424442236735
raw_data/NINV_pos68.csv,0.8158855766357996,0.7835042827689062,0.7927884148268363,0.7852042284885207,0.7445725411444771,0.7089871428754501,0.7013034734762691,0.7054698182869305,0.6946434726937769,0.6395572092344157,0.6026596535628163,0.582244755828612,0.5810677942196851,0.5890284682983667,0.6064573540168638,0.5777559283154329,0.5845017635981132,0.6049045840404853,0.5856274205238101,0.5876740828048524,0.6766666326154664
raw_data/NINV_pos72.csv,0.8936716137999213,0.8917679177039739,0.859747729776733,0.8280285218718458,0.7851920781207403,0.7310600747077755,0.6845871296655238,0.6585758599857218,0.6171084866899316,0.558727910190325,0.520499404983973,0.5123744908106752,0.5107685290378877,0.46062421472057613,0.4614604108053409,0.4567509967857686,0.45719770096373846,0.48891766282877874
raw_data/NINV_pos39.csv,0.5500721980314239,0.313613453369582,0.14345864020056087,0.4913399820559151,0.6311059026208616,0.5169680553730447,0.42749716560007206,0.420365323153771,0.47063562826144634,0.5575481299146101,0.4333064044413795,0.30282916950672006,0.2395416234635165,0.2800217160903144,0.24471747745801659,0.1487191410626808,---,---,---,0.038221034973467155,0.08624230196745454,---,---,---
raw_data/NINV_pos42.csv,0.7903303243416308,0.7725089908282465,0.815100742799269,0.7219783861610225,0.6660242157440519,0.6550307010440559,0.652480336818228,0.6383921639043033,0.5662857475591053,0.49941603078868707
raw_data/NINV_pos46.csv,0.8564098842824263,0.7608366970893924,0.6318740129249887,0.618538057785112,0.6944608507221228,0.7940880542915896
raw_data/NINV_pos81.csv,0.8507359455542434,0.7893954971431876,0.7317773590234078,0.689418042603512,0.643617668415754,0.6097064624900277,0.5949057079422856,0.6039140371769897,0.6042271872329958,0.6062416738743955,0.6087441524604026,0.6188457021853637,0.6391098026193495,0.6580172788402802,0.6822596400955226,0.6929142271079517,0.6823610261572378,0.6536524155808989,0.6281936582122212,0.5998342091572673,0.5607430465378038,0.5282605195764759,0.528309965525254,0.5206670351701677
raw_data/INV_pos5.csv,0.8579901782922831,0.7707487279248166,0.6445961208997862,0.4926650753919128,0.14200887173236798,---,---
raw_data/NINV_pos62.csv,0.7532036022163543,0.6751363939488295,0.6499245705977249,0.5757241765072233,0.5355242412400144,0.4980963859077936,0.42953620926152175,0.330533115720488,0.2545819371077765,0.23459988661870335,0.1501005450495142,0.08157707655206341,0.05236591814780621,0.03876711461042994,0.12005849028846746,0.1742361563230323,0.23641223254694974,0.2985119950361581,0.2970921547010165,0.2968868048422303,0.3584940952050606,0.44236445881693487,0.5509056633515391,0.557125172864414
raw_data/INV_pos2.csv,0.7299391663174503,0.5851224438121726,0.4442240919442952,0.34677138285318954,0.1651678038860501,0.08360569705461009,0.14396100972274775,0.1091135060108144,---,0.19491353662959648,0.3526159843402884,0.29050557922770154,0.4072574289094746,0.5274309292726546,0.43361862925041117,0.11944517335817804,---,---,---
raw_data/INV_pos7.csv,0.6614990513423931,0.6054214989074315,0.6060863992810752,0.5508926609791481,0.38729093535113385,0.29403064712956645,0.39024094011783683,0.4385654528452843,0.5232463577012945,0.6305445841307464,0.6910904232501741,0.5659280477497101,0.4871660568160634,0.41800276288458466,0.32346961726022544,0.2567077946354185,0.17777819135087722,0.16506204798880683,0.19870134287315486,0.3009321433288361,0.3715358136335186,0.40543582267715533,0.42514526483843534,0.45715718679065437
raw_data/NINV_pos4.csv,0.8056465709066409,0.6947849671679216,0.6197383472466341,0.5730788462136363,0.5184370322934677,0.5139385697746093,0.5309772863413007,0.5205676424236216,0.49381305857115965,0.46002716612533817,0.44695132787298114,0.4561063205227329,0.46889747305412244,0.47448837693822826,0.5079203898195871,0.5613326972427028,0.6183419151444549,0.667098654026666,0.677302487538399,0.6562119054475728,0.6481091236016594,0.6620119609031804,0.6527385412297669,0.6100603274724992
raw_data/NINV_pos26.csv,0.8655161819970955,0.8506328838795983,0.8541720837930733,0.8329739232477495,0.8400165703528891,0.8504623600411241,0.8400380072089672,0.7914278587465797,0.7324567881452219,0.6690322385090209,0.615448603685541,0.5833933515013512,0.5542207925968227,0.5202191984555858,0.4797071996755656,0.4636327890313561,0.4603700198873286,0.45591955282100854,0.42874891803212134,0.38684070206909366,0.37306655131676786,0.35349104843795615,0.3477518324391935,0.314369447961896
raw_data/INV_pos13.csv,0.2510275443319139,0.5520502186866002,0.622098936931718,0.3469958734429919,0.3653139230929431,0.5272057938578725,0.4277485554979698,0.5367837151385779,0.6022481194803936,0.5006532828508428,0.5127725712733513,0.4410856924578306,0.23192318173738802,0.3829146298499606,0.3778712167482312,0.4088327683683025,0.4094363281527767,0.3215429072460524,0.27177976102213747,0.15127644633059642,0.1032638672591423,0.049758113607158844,0.05031334505816928,0.04443255828252519
raw_data/INV_pos21.csv,0.7007849289721688,0.5146343203551351,0.38740337203288155,0.3650629401478434,0.4195324800294744,0.3109635665520867,0.10552654938929536,0.0466773073809251,0.13448847128676206,0.3570077214866097,0.43235587721778423,0.38667645048991606,0.41333220898727135,0.3941108391058756,0.26506854894293325,0.03611720929921746,---,---,---,---,---,---,---,0.156282187470691
raw_data/NINV_pos85.csv,0.8973690430163538,0.8350992097815799,0.7883391519021373,0.7504626742480681,0.7228057136569697,0.6848992892289141,0.6468315373231837,0.6435445368686395,0.6586165600610114,0.6851256649321706,0.698861308716851,0.7155297904938608,0.7170655663345091,0.7418026650205404,0.7782693682945175,0.818478767371343,0.8632474030200263,0.9333559884034333,0.9985703458691825,1.0115436991248161,0.9984607787885562
raw_data/NINV_pos75.csv,0.8124055142577068,0.7657530664837713,0.7195606461005282,0.6426271301016431,0.6143399165206934,0.6267382706874297
raw_data/NINV_pos77.csv,0.8201998204061213,0.7476084681697073,0.7073383791798995,0.6842384618501971,0.6528673794626862,0.640179945293736,0.6546223503413362,0.601887307650289,0.5706501454912188,0.5066845227757859,0.4771427454881468,0.49581843170780293,0.5189414009731902
raw_data/NINV_pos33.csv,0.7016443609957785,0.6246709318068823,0.7096941405093982,0.6805161423199199,0.6679008381074347,0.7232226339022834
raw_data/NINV_pos43.csv,0.7537570808115348,0.7396120676038346,0.6414713762994259,0.5622011333611848,0.46353631662912204,0.41459255661475114,0.33373014855393485,0.2215123803500402,0.1262580782756283,0.10143750814853322,0.05719441091463269,0.03298345409128017,0.056959830312017276,0.10134545206965817,0.22386673609740176,0.32815599031269593,0.500985725936987,0.5541939864380362,0.50152873097183,0.45209603659694925,0.32393179649050463,0.16864384887599848,0.13132771862218784,0.18025460106864016
raw_data/INV_pos20.csv,0.67736094853778,0.6318027000617306,0.6325550008776127,0.6769930609295421,0.5649846805585783,0.41631871837312856,0.24727305417946743,0.29611714174357356,0.4662112055917308,0.6053778300571959
raw_data/INV_pos3.csv,0.8167245468023496,0.6644912618505888,0.5200363860232126,0.3746158140686132,0.27866737365159044,0.33555906750231856,0.4417444594102804,0.4808439078581343,0.45397011614780847,0.37134277576801306,0.26277538691133845,0.2216386989199082,0.30034463794997945,0.42984590062485156,0.6390607000392722,0.6780885002352648,0.6337367930761022,0.5512465823243585,0.5052454468598299,0.48792686722527573,0.541701835401667,0.6206120313306646,0.6674520928744924,0.6753523433858653
raw_data/NINV_pos10.csv,0.5901126896731762,0.3653082093162687,0.23712493331112794,0.4672070643784625,0.6178623064607176,0.4534114999672201,0.2733513902530044,0.3070977463331007,0.5914154491534477,0.48654567712695485,0.2248943917137716,0.2301115440532051,0.412951934673956,0.6920368307519883,0.5734243588483509,0.3372308079314354,0.07118534791096791,0.4370121985887406,0.5856824001796415,0.5121279724740094,0.1621085377999014,0.06949164450252103,0.20521293400958712
raw_data/NINV_pos22.csv,0.26978886717700207,0.3712795256718843,0.2776627656257641,0.5447551361526897,0.4510287234083744,0.38924979530353815,0.4586433049048022,0.5751106790665729,0.5327227654620704,0.6583885336267152,0.7366707647169695,0.6944635536612426,0.5933540733923642,0.6400891320198441,0.7650887911558076,0.7601653488012567,0.580488138356244,0.6752024140328211,0.683528655988794,0.5021569248025961,0.4752323098161448,0.5160958383322122,0.5301213521403831,0.49750372259483816
raw_data/NINV_pos30.csv,0.2395755362251957,0.37858261790860986,0.463478168545697,0.3907252836308215,0.37373057709929697,0.39939163567040076,0.2993787550151494,0.4513116008183845,0.3675342597474419,0.3883507889989949,0.36098465433769084,0.4927757348146956,0.5213108653635692,0.5740689084723334,0.6829997162288187,0.7674974601130713,0.7664399995984426,0.6481276869804818,0.3835454694871956,0.4171160234426044
raw_data/NINV_pos41.csv,0.7137805470394514,0.47639783508043443,0.3159167278256699,0.37176806786330796,0.4923094421956573,0.4502588004025572,0.34024374788546036,0.22846739636055882,0.07000625009026844,---,---,---,0.16670104943782488,0.30254780308171314,0.2169966179861737,0.0680927871016948,0.06094497306897366,0.1008014824655596,0.01668313138168773,---,---,---,---,---
raw_data/NINV_pos57.csv,0.804793463645882,0.7239777635230701,0.7326049426770314,0.7560273298020609,0.7688754289749851,0.7731300724939699,0.7626801041796529,0.7478117811687417,0.74106071098402,0.7381885459274093,0.7280909410802503,0.7009676875613211,0.6587451111338454,0.6222023059296541,0.5869586226289485,0.5549884683625496,0.5366354252154163,0.5303697249781882,0.525419276374507,0.5243388811922791,0.526859898535647,0.5116478714190023,0.4930591389033779,0.48963126200136164
raw_data/NINV_pos71.csv,0.7795932997017212,0.7056651487866287,0.5480778419137006,0.40847490195598846,0.3180643347238266,0.11400476515045299,---,---,0.06085299015799337,0.3053662329951703,0.5517931106878545,0.6076373739625773,0.48631669028727903,0.44411759082106933,0.40413264919913733,0.4133539918647914
raw_data/NINV_pos6.csv,0.7657022647589462,0.6387853573486326,0.5547973915692557,0.5038061279888927,0.4798736615737335,0.45819393074216835,0.45068112020719897,0.4449719411713148,0.6001384033040711,0.7775725423897591,0.8020479322916236,0.7342607215575805,0.70701695640405,0.6710343289697942,0.6301388039612276,0.6232168401478602,0.6847943587906126,0.7232990115179029,0.7284934177274577,0.7236231155059636,0.7394862001940574,0.7320899841988001,0.7222425254399275,0.7127394439604626
raw_data/NINV_pos19.csv,0.5862671527215807,0.38058821341551186,0.24464370290249582,0.42216004702689225,0.517127246254634,0.5531318809710276,0.33681380590261617,0.32497054386505814,0.4386622604785033,0.7591377256660888,0.607956446231954,0.38984555033742846,0.4444686009836155,0.7043790736216025,0.7417378559156217,0.6015235879288789,0.47760360804720925,0.48699733736982215,0.5375773600216607,0.5338391213678773,0.4732129885297069,0.32403009204066774,0.3449899437769306,0.5199899951677139
raw_data/NINV_pos65.csv,0.7634086329111406,0.6749385712871231,0.7227879721873322,0.7718861670676921,0.7800401720658818,0.7512637765410108,0.7463580213542155,0.7506240626701375,0.7122137692452192,0.6736032639011797,0.6423495891477015,0.6497838620259582,0.6319324160294741,0.5948501803839794,0.6118800632441341,0.587675404093805,0.5536215317351576,0.5706086778783961,0.5953912194539533,0.5903867826740998,0.5949432654242974
raw_data/NINV_pos17.csv,0.7181479374829614,0.5839683566736179,0.4755162155341874,0.39866570915433325,0.34053175934630986,0.2700010173589627,0.1717133299626645,0.06952952870436097,0.13135838220706741,0.21274367974224812,0.28178196002347033,0.22934575805209462,0.1661572903397702,0.20629144196708754,0.2699640045604599,0.33638187461807806,0.3147402740744766,0.26922650383887614,0.3127710809962681,0.3169989306044109,0.17505427416071132,0.05147197399337165,0.034662044787855534,0.03775049506409189
raw_data/NINV_pos60.csv,0.6418171507704704,0.36613374744614513,0.4077852990969461,0.6638842297751163
raw_data/INV_pos23.csv,0.6996239566215443,0.5807526596880728,0.6681174464892494,0.7211657785094778,0.7135764209993473,0.6898324685827776,0.7321779764461495,0.780717241523505
raw_data/NINV_pos1.csv,0.7459882910103772,0.5791043689525145,0.47631226139331934,0.49396145168814115,0.49437159935486163,0.4674684549495054,0.4139713317198863,0.3775963307834274,0.30838132818405406,0.27171498490563273,0.40307999513358916,0.48689858202276926,0.44896381667625873,0.37508406490377794,0.2362357310532629,0.02347220170177828,---,0.03175927222729256,---
raw_data/NINV_pos32.csv,0.6747372459473879,0.64407687634684,0.6685318228453302,0.6873048109763316,0.6885223876037455,0.6250716611086151,0.4852099342647948,0.3139981610110567,0.2715806347615921,0.10091954435264368,---,---
raw_data/NINV_pos49.csv,0.8029491176320148,0.7937040975309988,0.8061579203241848,0.8202009286101184,0.8395761339181409,0.8333012740480256,0.8185639163934333,0.7817994578338499,0.7521448403419663,0.7536142157569122,0.7457890982503528,0.7341507874780577,0.7266449106122946,0.7113908848179744,0.6970648183623375,0.6902463189790603,0.6860181691634349,0.6854988702187865,0.6830597157267913,0.6721282644346367,0.6674960931534167,0.6689649252370659,0.6701123130274852,0.6674358063997265
raw_data/NINV_pos50.csv,0.7854795365461643,0.6680197175666363,0.606589872024909,0.5846018041593362,0.5828840609579958,0.6129345301801191,0.568382417715046,0.546265194361349,0.5948633189402055,0.6002638620562059,0.5372408611632621,0.44761341202790894,0.3712195434946953,0.3311299308356522,0.35992125505021794,0.32389571714338283,0.24450988522983835,0.2731165809200241,0.31447904681691774,0.3328539782857291,0.33371572978641034,0.2869849256263844,0.24716291713084124,0.2511830160399229
raw_data/NINV_pos5.csv,0.7259345287964822,0.5337636842482926,0.4079348796190664,0.32001389016995146,0.3288918784646485,0.4220665921966795,0.5074356568866558,0.5575386574457708,0.4782518117527991,0.4076329364253014,0.31828738826749936,0.3826971044871141,0.46715243359475667,0.5705600535156071,0.6193393607828436,0.5803300253706363,0.4854726211944471,0.48173088213359816,0.48774662049039524,0.488131515034304,0.5788406483135343,0.6122156267917874,0.7441604856371113,0.6722931007689875
raw_data/NINV_pos15.csv,0.6980741881769305,0.5742342882175091,0.5845450665738954,0.6677429185160857,0.6980907559898473,0.692481806286368,0.691854550887776,0.6649076253527328,0.6216484613345281,0.6537944394848357,0.6935898078880205,0.652611383488095,0.6366257075027809,0.588337396613735,0.5751281595446762,0.6018009840775113,0.6213395040444235,0.5636659575168183,0.5507484601692265,0.5821707072419455,0.5743056100419089,0.5699669558464195,0.5699353258299361,0.5866433318542136
raw_data/NINV_pos13.csv,0.563272388642094,0.32566924856811585,0.4390273946919159,0.6180352255855932,0.5599437122029842,0.5059098788633284,0.5544592381435989,0.6025052453015741,0.5732210413826124,0.5692938503652573,0.5754421471102563,0.5250904316340408,0.4606016583967619,0.3923901411579191,0.3174640015326806,0.3597869446603606,0.32787824811603183,0.24545793044711162,0.35067341699587035,0.47158102094984683,0.3757319381226202,0.39349582126183935,0.6019494314286832,0.6568562283148939
raw_data/NINV_pos37.csv,0.7159952459981319,0.5769383661219134,0.4517905834072296,0.5080545406543668,0.6313910168776199,0.70091251097911,0.6918901679957998,0.6113679459785838,0.5941193289842192,0.549982237657205,0.5615264837419975,0.5574825296871165,0.6241126024554804,0.6046598524165193,0.5032274870060364
raw_data/NINV_pos7.csv,0.8242700474577508,0.7201099140015832,0.6069657703790976,0.5328894839317111,0.4853129618973219,0.4862506693638695,0.5216048627526138,0.5441635583103895,0.5512801139796585,0.6841795132528151,0.7783004899712719,0.7680448044009829,0.7267306164200901,0.6957246070045592,0.6885251834525276,0.6749519687302389
raw_data/NINV_pos83.csv,---,---,0.7496818111368478,---,1.492054307596242,---,---,1.3974383285790954,---,1.4335134646844578,---,---,1.0278056847875179,---,1.1548149863091879,---,---,2.581876159382231,---,2.803164898062047,---,---,1.5996312995555644,---
raw_data/INV_pos16.csv,0.8281949261310628,0.6833904679627608,0.5585318676345931,0.5396678006317596,0.5767949746607065,0.5817314499347995,0.5635481460000044,0.5451906452564425,0.5385270503916693,0.5660528466287388,0.5871796382270756,0.5914465498412421,0.5815103184562109,0.5358329474370837,0.47476356943442183,0.4513606691194994,0.45378911256123344,0.4531045426198744,0.38915582694445755,0.29943069658726823,0.1944481178298336,0.09913614229454815,0.04465339316547906
raw_data/NINV_pos54.csv,0.8502268901909878,0.799369394508558,0.7646145338514124,0.781958707439546,0.7663781790352682,0.7437423628134519,0.7504993866590066,0.7587658383786737,0.7842264960352345,0.78211484289401,0.7860913923830399,0.7900010954954333,0.809612799875166,0.7912758081908619,0.7722258832501515
raw_data/NINV_pos28.csv,0.7669261842797795,0.5678923301932676,0.3526598527855746,0.10273633161771087,0.25115651087767304,0.333094052975925,0.24599656959228466,---,---,---,---
raw_data/INV_pos1.csv,0.7284914865441248,0.56270444815521,0.3816151504235989,0.42787294441520807,0.6242836007765059,0.6354301336524655,0.49099425089999954,0.153889787889394,0.0766799284987544,0.24386538894067486,0.4262762555180819,0.32563602381400986,0.14884312270715055,0.10374924193287725,0.6296201955252418,0.7883067675842245,0.7693485827230332,0.741314704509802
raw_data/INV_pos14.csv,0.05902234950414856,---,0.3268905207379552,0.23494693221142152,0.11823270238214541,0.3717988975545229,0.6085941751473053,---,0.6293076736864502,0.7227026349323193,0.17914855372962218,---,0.7995101738851813,0.28802939124605237,0.41632708166317833,0.6420806179921256,0.6195609793961592,---,0.4238646138447832,0.6687377174916266,---,0.29430148513756405,0.3058192293727874,0.3722181305684936
raw_data/NINV_pos24.csv,0.8001600567641827,0.7276007440710051,0.7053348835220471,0.6576041484424346,0.6362033055253838,0.5666328809166417,0.535071727709459,0.5342299955828788,0.5397021364787834,0.5505758550060389,0.5651982523205734,0.5832952907360751,0.6023850348148753,0.5582036020387792,0.5522366878679705,0.5087078965880272,0.4796194234586258,0.4195475021365068,0.3199724805388671,0.18169696612905,0.07072507595730272,0.11118593069403816,0.17133747346631306,0.1603916839088471
raw_data/NINV_pos45.csv,0.6788290385147776,0.6079859484397627,0.4583946390685667,0.4595966160234547,0.48767224411309196,0.5359513911370103,0.5237536995151263,0.47438125719145374,0.4566374376951261,0.5424648314697863,0.7324687974878649,0.7487038691886553,0.6507616863026148,0.7089020899107883,0.7021947961740039,0.6979464503745032,0.559031198886001,0.47957443969880686
raw_data/NINV_pos2.csv,0.7712807219788117,0.6111847381309141,0.5942912936018978,0.6643059161557886,0.6646872348173173,0.5898087787527225,0.5220481866180225,0.4462506112123831,0.40984516253348696,0.41339332858432454,0.41710968730665204,0.3455445796850562,0.3764675328277639,0.6089604400375518,0.7997384007077795,0.8669518197097932,0.8999715431497516,1.0022474044132414,1.0763038531815188,1.0374767825495295,0.9848237818933105,0.977141827329814,0.9492762103173588,0.8960670804799384
raw_data/NINV_pos76.csv,0.6777802814294559,0.5853856902096323,0.6406613309763314,0.571486750726332,0.5545801533647676,0.6174828891757274,0.5736004877991745,0.42084489005720005,0.4134844589003119
raw_data/NINV_pos21.csv,0.8011144478471045,0.6667586822218937,0.5438195092690313,0.4524936170297317,0.4228955776709559,0.46206033389386275,0.49672053386546383,0.454293359296383,0.384927756205059,0.23019057325077988,0.007422658217363506,---,---,---,0.01629230867214689,0.17152825268498442,0.03166365427435167,---,0.05356395416445853,0.3035904919540963,0.3545221985723903,0.4063851429622278,0.455355481921171,0.24601015452888772
raw_data/NINV_pos25.csv,0.7059719350337589,0.676887614056614,0.659574884322617,0.6401923681352176,0.6203451090907153,0.617515189765629,0.6141807947910904,0.6471112595762767,0.6580341876176087,0.6520394032258316,0.7007625016652814,0.723058180582343,0.7246737285350094,0.7160036742834446,0.6895421942102311,0.6724551473946451,0.6641893049639618,0.6559339930998314,0.6076980262233271,0.6089431620412947,0.6285040049297124,0.6525349599101179,0.654760205772589,0.6379722402046244
MÃ‰DIO,0.7225677801237644,0.648204135092796,0.6064648441684326,0.5829266264489658,0.5695894876741749,0.549628168571684,0.5263175907555487,0.511911862974147,0.4815305756781582,0.5147204262167787,0.4984062261704208,0.49261447080966136,0.4989985126959447,0.5096427410521075,0.5096914203523542,0.492488121395615,0.4995555588787136,0.5333035243220887,0.48954638638161574,0.5298993147873379,0.4761375589703913,0.44365954845458694,0.48316093999416704,0.4596234658375643
