ID,PID,x,y,t
1,1,307.467,323.112,0
1,2,315.993,332.21,3.95
1,3,330.683,340.387,7.9
1,4,341.531,347.526,11.85
1,5,342.849,352.885,15.8
1,6,350.688,368.207,19.75
1,7,359.373,377.805,23.7
1,8,365.961,388.669,27.65
1,9,370.849,402.455,31.6
1,10,376.804,412.301,35.55
1,11,383.346,423.602,39.5
1,12,392.539,424.15,43.45
1,13,400.574,423.254,47.4
1,14,402.406,429.243,51.35
1,15,397.967,451.163,55.3
1,16,400.661,467.483,59.25
1,17,399.296,482.752,63.2
1,18,401.51,491.407,67.15
1,19,403.278,493.959,71.1
1,20,403.873,496.734,75.05
1,21,404.175,502.416,79
1,22,404.519,505.729,82.95
1,23,405.076,510.137,86.9
1,24,405.238,511.855,90.85
1,25,405.239,512.28,94.8
1,26,405.279,512.181,98.75
1,27,405.225,512.101,102.7
1,28,405.171,512.139,106.65
1,29,405.217,512.143,110.6
1,30,405.247,512.11,114.55
1,31,405.203,512.283,118.5
1,32,405.212,512.218,122.45
1,33,405.23,512.302,126.4
1,34,405.152,513.748,130.35
1,35,404.732,516.861,134.3
1,36,404.531,519.106,138.25
1,37,404.269,521.321,142.2
1,38,404.154,522.175,146.15
1,39,404.015,522.752,150.1
1,40,403.979,523.026,154.05
1,41,404.001,523.24,158
1,42,403.966,523.057,161.95
1,43,404.022,523.071,165.9
1,44,404.031,523.229,169.85
1,45,404.031,523.141,173.8
1,46,403.999,523.077,177.75
1,47,403.95,523.258,181.7
1,48,404.004,523.127,185.65
1,49,404.05,523.402,189.6
1,50,404.035,523.308,193.55
1,51,403.989,523.391,197.5
1,52,403.993,523.384,201.45
1,53,404.091,523.275,205.4
1,54,403.995,523.323,209.35
1,55,404.032,523.332,213.3
1,56,404.036,523.354,217.25
1,57,404.039,523.386,221.2
1,58,404.033,523.342,225.15
1,59,404.059,523.436,229.1
1,60,404.095,523.493,233.05
1,61,404.044,523.38,237
1,62,404.011,523.354,240.95
1,63,404.051,523.516,244.9
1,64,403.984,523.434,248.85
1,65,404.051,523.605,252.8
1,66,404.136,523.648,256.75
1,67,404.028,523.39,260.7
1,68,404.159,523.575,264.65
1,69,404.112,523.58,268.6
1,70,404.049,523.486,272.55
1,71,404.067,523.594,276.5
1,72,404.057,523.668,280.45
1,73,404.073,523.656,284.4
1,74,404.077,523.695,288.35
1,75,404.077,523.555,292.3
1,76,404.023,523.563,296.25
1,77,404.014,523.664,300.2
1,78,404.018,523.508,304.15
1,79,404.049,523.592,308.1
1,80,404.06,523.652,312.05
1,81,404.076,523.493,316
1,82,404.109,523.706,319.95
1,83,404.023,523.323,323.9
1,84,404.015,523.6,327.85
1,85,403.981,523.528,331.8
1,86,403.965,523.658,335.75
1,87,403.989,523.561,339.7
1,88,403.972,523.424,343.65
1,89,403.96,523.432,347.6
1,90,403.948,523.498,351.55
1,91,403.962,523.49,355.5
1,92,403.916,523.447,359.45
1,93,403.949,523.38,363.4
1,94,403.938,523.453,367.35
1,95,404.022,523.652,371.3
1,96,403.944,523.594,375.25
1,97,403.971,523.477,379.2
1,98,403.99,523.541,383.15
1,99,403.949,523.521,387.1
1,100,403.903,523.703,391.05
1,101,403.913,523.645,395
1,102,403.968,523.617,398.95
1,103,403.935,523.64,402.9
1,104,403.916,523.814,406.85
1,105,404.002,523.834,410.8
1,106,403.974,523.865,414.75
1,107,404.008,523.938,418.7
1,108,404.005,523.801,422.65
1,109,403.963,523.989,426.6
1,110,403.979,524.044,430.55
1,111,404.022,524.034,434.5
1,112,403.931,524.059,438.45
1,113,403.943,524.107,442.4
1,114,403.934,524.042,446.35
1,115,404.004,524.151,450.3
1,116,404.001,524.112,454.25
1,117,404.027,524.064,458.2
1,118,403.952,524.05,462.15
1,119,403.942,524.146,466.1
1,120,403.996,524.133,470.05
1,121,404.012,524.13,474
1,122,404.019,524.273,477.95
1,123,403.99,524.17,481.9
1,124,403.98,524.235,485.85
1,125,404.059,524.327,489.8
1,126,403.942,524.31,493.75
1,127,404.004,524.185,497.7
1,128,403.992,524.351,501.65
1,129,403.974,524.238,505.6
1,130,403.969,524.321,509.55
1,131,403.978,524.217,513.5
1,132,404.009,524.28,517.45
1,133,403.956,524.189,521.4
1,134,403.985,524.298,525.35
1,135,403.943,524.335,529.3
1,136,403.944,524.208,533.25
1,137,403.959,524.361,537.2
1,138,403.951,524.339,541.15
1,139,403.901,524.149,545.1
1,140,403.967,524.378,549.05
1,141,403.973,524.334,553
1,142,403.929,524.351,556.95
1,143,403.944,524.318,560.9
1,144,403.971,524.226,564.85
1,145,403.908,524.236,568.8
1,146,403.943,524.25,572.75
1,147,403.912,524.324,576.7
1,148,403.937,524.364,580.65
1,149,403.895,524.284,584.6
1,150,403.948,524.356,588.55
1,151,403.908,524.284,592.5
1,152,403.972,524.313,596.45
1,153,403.931,524.471,600.4
1,154,403.879,524.284,604.35
1,155,403.998,524.411,608.3
1,156,403.979,524.178,612.25
1,157,403.899,524.329,616.2
1,158,403.973,524.354,620.15
1,159,403.964,524.449,624.1
1,160,404.02,524.327,628.05
1,161,403.968,524.416,632
1,162,403.97,524.414,635.95
1,163,404.023,524.443,639.9
1,164,403.978,524.64,643.85
1,165,403.969,524.489,647.8
1,166,404.004,524.627,651.75
1,167,404.05,524.539,655.7
1,168,404.025,524.428,659.65
1,169,403.907,524.641,663.6
1,170,404.067,524.439,667.55
1,171,403.985,524.68,671.5
1,172,404.02,524.628,675.45
1,173,403.979,524.468,679.4
1,174,403.981,524.483,683.35
1,175,403.882,524.497,687.3
1,176,404.008,524.477,691.25
1,177,403.988,524.428,695.2
1,178,403.994,524.413,699.15
1,179,404.008,524.553,703.1
1,180,403.982,524.55,707.05
1,181,403.941,524.6,711
1,182,403.946,524.566,714.95
1,183,403.974,524.559,718.9
1,184,403.937,524.543,722.85
1,185,403.956,524.557,726.8
1,186,403.892,524.612,730.75
1,187,403.972,524.559,734.7
1,188,403.988,524.645,738.65
1,189,403.905,524.681,742.6
1,190,403.911,524.543,746.55
1,191,403.908,524.535,750.5
1,192,403.931,524.561,754.45
1,193,403.893,524.56,758.4
1,194,403.916,524.571,762.35
1,195,403.954,524.333,766.3
1,196,403.917,524.345,770.25
1,197,403.963,524.406,774.2
1,198,403.921,524.43,778.15
1,199,403.979,524.501,782.1
1,200,403.838,524.516,786.05
1,201,403.943,524.631,790
1,202,404.015,524.598,793.95
1,203,403.938,524.54,797.9
1,204,403.95,524.755,801.85
1,205,403.925,524.724,805.8
1,206,403.912,524.877,809.75
1,207,404.022,525.116,813.7
1,208,403.968,525.629,817.65
1,209,403.865,526.934,821.6
1,210,403.095,530.916,825.55
1,211,399.408,538.006,829.5
1,212,392.946,546.93,833.45
1,213,382.935,558.891,837.4
1,214,381.853,567.564,841.35
1,215,387.534,585.226,845.3
1,216,395.835,591.007,849.25
1,217,401.153,592.597,853.2
1,218,402.024,594.447,857.15
1,219,402.8,598.246,861.1
1,220,401.799,599.795,865.05
1,221,401.119,600.06,869
1,222,400.558,600.011,872.95
1,223,400.428,600.928,876.9
1,224,402.629,606.045,880.85
1,225,403.541,607.868,884.8
1,226,403.971,608.533,888.75
1,227,404.24,609.026,892.7
1,228,404.442,609.36,896.65
1,229,404.477,609.5,900.6
1,230,404.411,609.416,904.55
1,231,404.542,609.384,908.5
1,232,404.427,609.462,912.45
1,233,404.473,609.477,916.4
1,234,404.456,609.448,920.35
1,235,404.497,609.592,924.3
1,236,404.483,609.625,928.25
1,237,404.577,609.68,932.2
1,238,404.837,610.015,936.15
1,239,405.336,610.899,940.1
1,240,405.628,611.752,944.05
1,241,405.704,612.774,948
1,242,405.645,613.399,951.95
1,243,405.086,614.526,955.9
1,244,405.207,614.152,959.85
1,245,405.151,614.188,963.8
1,246,405.051,614.322,967.75
1,247,405.268,614.216,971.7
1,248,405.075,614.223,975.65
1,249,404.812,614.509,979.6
1,250,404.129,615.384,983.55
1,251,404.464,614.502,987.5
1,252,404.372,614.432,991.45
1,253,403.778,614.311,995.4
1,254,403.276,614.052,999.35
1,255,401.799,613.086,1003.3
1,256,395.292,608.623,1007.25
1,257,394.861,608.411,1011.2
1,258,394.405,608.053,1015.15
1,259,394.396,608.091,1019.1
1,260,394.153,608.026,1023.05
1,261,393.609,607.597,1027
1,262,390.807,605.272,1030.95
1,263,389.156,603.609,1034.9
1,264,388.513,602.591,1038.85
1,265,387.9,600.297,1042.8
1,266,390.704,599.009,1046.75
1,267,392.482,599.432,1050.7
1,268,393.457,599.876,1054.65
1,269,396.889,600.586,1058.6
1,270,400.311,600.797,1062.55
1,271,403.076,600.203,1066.5
1,272,403.351,600.287,1070.45
1,273,402.764,600.307,1074.4
1,274,396.375,596.92,1078.35
1,275,386.245,597.134,1082.3
1,276,382.01,599.866,1086.25
1,277,379.073,602.45,1090.2
1,278,382.014,600.022,1094.15
1,279,391.583,598.802,1098.1
1,280,395.533,601.753,1102.05
1,281,394.528,593.79,1106
1,282,393.448,589.56,1109.95
1,283,393.384,589.058,1113.9
1,284,393.305,588.918,1117.85
1,285,393.342,588.855,1121.8
1,286,393.236,588.775,1125.75
1,287,393.352,588.904,1129.7
1,288,393.302,588.839,1133.65
1,289,393.285,588.789,1137.6
1,290,393.273,588.704,1141.55
1,291,393.236,588.674,1145.5
1,292,393.237,588.54,1149.45
1,293,393.085,588.209,1153.4
1,294,392.905,586.717,1157.35
1,295,393.037,585.591,1161.3
1,296,393.211,585.023,1165.25
1,297,393.805,585.785,1169.2
1,298,394.363,592.446,1173.15
1,299,393.973,599.23,1177.1
1,300,394.358,599.707,1181.05
1,301,399.705,596.495,1185
1,302,411.287,594.282,1188.95
1,303,414.271,593.371,1192.9
1,304,416.805,591.81,1196.85
1,305,427.184,581.715,1200.8
1,306,438.661,578.204,1204.75
1,307,447.945,575.708,1208.7
1,308,447.498,559.604,1212.65
1,309,437.973,547.593,1216.6
1,310,429.821,541.286,1220.55
1,311,424.051,523.588,1224.5
1,312,415.721,508.692,1228.45
1,313,414.006,495.198,1232.4
1,314,406.284,478.556,1236.35
1,315,395.946,462.402,1240.3
1,316,390.834,450.18,1244.25
1,317,391.487,448.608,1248.2
2,1,398.955,698.878,7.9
2,2,402.36,698.579,11.85
2,3,401.654,702.747,15.8
2,4,402.72,710.871,19.75
2,5,407.5,717.532,23.7
2,6,407.156,725.093,27.65
2,7,406.128,730.871,31.6
2,8,404.139,738.308,35.55
2,9,403.961,741.039,39.5
2,10,406.772,744.405,43.45
2,11,407.187,745.312,47.4
2,12,407.552,745.914,51.35
2,13,407.542,746.143,55.3
2,14,406.953,749.763,59.25
2,15,404.895,751.476,63.2
2,16,404.36,751.819,67.15
2,17,404.078,751.838,71.1
2,18,404.399,752.57,75.05
2,19,405.44,753.501,79
2,20,406.717,755.542,82.95
2,21,408.599,758.202,86.9
2,22,410.747,764.41,90.85
2,23,410.968,766.34,94.8
2,24,411.052,766.482,98.75
2,25,411.018,766.354,102.7
2,26,410.96,766.368,106.65
2,27,411.071,766.545,110.6
2,28,411.062,766.512,114.55
2,29,410.986,766.188,118.5
2,30,410.961,766.089,122.45
2,31,411.01,766.575,126.4
2,32,411.305,768.612,130.35
2,33,412.893,776.973,134.3
2,34,412.943,777.851,138.25
2,35,412.032,779.659,142.2
2,36,410.325,784.621,146.15
2,37,413.984,786.778,150.1
2,38,415.78,784.967,154.05
2,39,416.114,781.584,158
2,40,416.217,779.736,161.95
2,41,415.436,774.204,165.9
2,42,410.051,758.389,169.85
2,43,404.788,746.92,173.8
2,44,403.144,744.136,177.75
2,45,402.508,744.202,181.7
2,46,401.748,742.441,185.65
2,47,391.969,731.87,189.6
2,48,386.024,728.388,193.55
2,49,383.559,727.244,197.5
2,50,382.214,726.539,201.45
2,51,380.74,725.691,205.4
2,52,376.304,720.907,209.35
2,53,374.877,710.977,213.3
2,54,369.662,704.386,217.25
2,55,360.442,695.297,221.2
2,56,352.568,685.231,225.15
2,57,350.308,683.197,229.1
2,58,348.123,681.443,233.05
2,59,341.648,678.817,237
2,60,329.041,672.139,240.95
2,61,320.3,673.654,244.9
2,62,317.781,675.652,248.85
2,63,315.057,684.13,252.8
2,64,310.871,687.862,256.75
2,65,305.013,687.03,260.7
2,66,302.315,686.742,264.65
2,67,301.511,687.313,268.6
2,68,301.679,686.014,272.55
2,69,300.556,687.968,276.5
2,70,297.222,689.505,2693.9
3,1,327.042,759.468,0
3,2,325.531,759.26,3.95
3,3,324.005,756.524,7.9
3,4,324.848,755.254,11.85
3,5,327.721,754.437,15.8
3,6,329.585,756.114,19.75
3,7,330.238,757.037,23.7
3,8,330.384,758.3,27.65
3,9,330.482,759.34,31.6
3,10,330.378,760.378,35.55
3,11,330.178,761.906,39.5
3,12,330.282,763.581,43.45
3,13,330.747,765.381,47.4
3,14,332.255,767.038,51.35
3,15,332.882,767.46,55.3
3,16,333.345,767.719,59.25
3,17,333.666,767.801,63.2
3,18,334.273,767.965,67.15
3,19,335.563,768.291,71.1
3,20,338.244,769.141,75.05
3,21,344.759,772.373,79
3,22,346.415,772.889,82.95
3,23,349.263,773.369,86.9
3,24,349.313,773.388,90.85
3,25,349.554,773.089,94.8
3,26,351.009,769.823,98.75
3,27,353.239,768.115,102.7
3,28,356.604,768.516,106.65
3,29,360.675,770.706,110.6
3,30,363.008,773.301,114.55
3,31,363.853,776.694,118.5
3,32,361.996,776.714,122.45
3,33,361.221,777.172,126.4
3,34,360.864,777.217,130.35
3,35,360.744,777.368,134.3
3,36,360.788,777.222,138.25
3,37,360.591,777.289,142.2
3,38,360.292,777.316,146.15
3,39,359.208,777.503,150.1
3,40,358.577,777.596,154.05
3,41,357.529,777.292,158
3,42,355.14,777.762,161.95
3,43,352.847,777.432,165.9
3,44,350.964,774.121,169.85
3,45,350.258,773.706,173.8
3,46,352.439,773.764,177.75
3,47,353.426,773.736,181.7
3,48,353.686,773.744,185.65
3,49,353.623,773.834,189.6
3,50,356.863,774.548,193.55
3,51,357.154,774.649,197.5
3,52,358.437,774.986,201.45
3,53,359.157,775.282,205.4
3,54,360.619,775.956,209.35
3,55,361.54,776.784,213.3
3,56,362.785,778.183,217.25
3,57,363.769,779.811,221.2
3,58,365.613,782.216,225.15
3,59,367.174,784.973,229.1
3,60,367.922,786.68,233.05
3,61,368.592,788.996,237
3,62,368.958,790.915,240.95
3,63,369.349,792.961,244.9
3,64,369.82,794.734,248.85
3,65,370.452,796.899,252.8
3,66,370.695,797.362,256.75
3,67,370.881,797.735,260.7
3,68,370.959,797.868,264.65
3,69,370.994,797.909,268.6
3,70,370.934,797.844,272.55
3,71,370.968,797.943,276.5
3,72,370.889,797.978,280.45
3,73,370.939,797.809,284.4
3,74,370.95,797.919,288.35
3,75,370.995,798.004,292.3
3,76,370.907,797.902,296.25
3,77,370.911,797.94,300.2
3,78,370.882,798.013,304.15
3,79,370.812,797.973,308.1
3,80,370.803,798.027,312.05
3,81,370.752,798.003,316
3,82,370.798,798.002,319.95
3,83,370.759,797.987,323.9
3,84,370.733,797.96,327.85
3,85,370.788,797.995,331.8
3,86,370.71,798.057,335.75
3,87,370.673,797.948,339.7
3,88,370.716,798.001,343.65
3,89,370.886,798.093,347.6
3,90,370.648,798.045,351.55
3,91,370.709,798.151,355.5
3,92,370.739,798.13,359.45
3,93,370.72,798.022,363.4
3,94,370.748,798.028,367.35
3,95,370.674,797.988,371.3
3,96,370.732,797.972,375.25
3,97,370.76,797.979,379.2
3,98,370.713,797.874,383.15
3,99,370.675,797.977,387.1
3,100,370.657,797.904,391.05
3,101,370.673,797.908,395
3,102,370.688,797.89,398.95
3,103,370.685,797.945,402.9
3,104,370.655,798.075,406.85
3,105,370.845,798.152,410.8
3,106,370.838,798.213,414.75
3,107,370.777,798.106,418.7
3,108,370.767,798.218,422.65
3,109,370.728,798.191,426.6
3,110,370.862,798.214,430.55
3,111,370.836,798.345,434.5
3,112,370.628,798.489,438.45
3,113,370.68,798.61,442.4
3,114,370.391,798.691,446.35
3,115,370.228,798.795,450.3
3,116,369.771,798.9,454.25
3,117,369.47,799.033,458.2
3,118,368.137,798.776,462.15
3,119,366.188,798.364,466.1
3,120,365.222,798.249,470.05
3,121,362.853,797.427,474
3,122,361.143,796.227,477.95
3,123,357.823,794.549,481.9
3,124,359.103,794.711,485.85
3,125,358.641,794.474,489.8
3,126,357.832,794.075,493.75
3,127,357.589,793.971,497.7
3,128,357.354,793.67,501.65
3,129,357.213,793.55,505.6
3,130,356.446,793.367,509.55
3,131,357.073,793.228,513.5
3,132,356.734,793.064,517.45
3,133,355.512,792.494,521.4
3,134,355.048,790.315,525.35
3,135,353.588,789.796,529.3
3,136,352.261,787.261,533.25
3,137,351.277,785.804,537.2
3,138,351.019,784.617,541.15
3,139,350.402,783.064,545.1
3,140,348.924,780.13,549.05
3,141,347.246,778.674,553
3,142,346.626,778.066,556.95
3,143,345.205,776.9,560.9
3,144,344.02,775.843,564.85
3,145,343.192,775.341,568.8
3,146,342.562,774.894,572.75
3,147,342.367,774.684,576.7
3,148,341.892,774.292,580.65
3,149,341.499,774.121,584.6
3,150,341.169,773.945,588.55
3,151,341.027,773.856,592.5
3,152,340.406,773.401,596.45
3,153,338.249,772.693,600.4
3,154,335.103,771.438,604.35
3,155,326.62,768.266,608.3
3,156,323.171,766.304,612.25
3,157,322.651,765.939,616.2
3,158,322.382,765.822,620.15
3,159,319.571,766.113,2204.1
3,160,317.442,765.731,2208.05
3,161,317.243,765.295,2212
3,162,317.266,765.149,2215.95
3,163,317.829,765.263,2219.9
3,164,317.296,765.172,2223.85
3,165,317.411,765.233,2227.8
3,166,316.36,765.256,2231.75
3,167,316.088,765.092,2235.7
3,168,316.019,765.167,2239.65
3,169,316.072,765.17,2243.6
3,170,315.652,765.025,2247.55
3,171,315.605,765.018,2251.5
3,172,315.047,764.888,2255.45
3,173,314.984,764.871,2259.4
3,174,314.674,764.787,2263.35
3,175,314.217,764.667,2267.3
3,176,313.464,764.38,2271.25
3,177,312.492,764.078,2275.2
3,178,311.248,763.64,2279.15
3,179,310.564,763.33,2283.1
3,180,309.517,762.903,2287.05
3,181,303.551,762.368,2291
3,182,302.399,761.763,2294.95
3,183,301.599,761.617,2298.9
3,184,300.846,761.397,2302.85
3,185,299.967,761.08,2306.8
3,186,297.974,760.192,2693.9
4,1,334.325,622.708,0
4,2,340.282,626.938,3.95
4,3,345.443,635.73,7.9
4,4,346.591,637.64,11.85
4,5,347.173,638.624,15.8
4,6,347.89,639.355,19.75
4,7,348.127,639.803,23.7
4,8,348.217,640.443,27.65
4,9,348.722,642.446,31.6
4,10,350.49,644.918,35.55
4,11,356.021,644.743,39.5
4,12,359.477,634.081,43.45
4,13,360.269,624.981,47.4
4,14,363.611,613.986,51.35
4,15,363.413,601.324,55.3
4,16,362.979,595.182,59.25
4,17,363.633,591.596,63.2
4,18,364.774,588.75,67.15
4,19,365.616,586.49,71.1
4,20,367.838,582.379,75.05
4,21,371.073,581.02,79
4,22,371.786,581.829,82.95
4,23,371.88,582.258,86.9
4,24,372.015,582.24,90.85
4,25,372.272,583.397,94.8
4,26,372.531,584.829,98.75
4,27,372.441,585.303,102.7
4,28,372.497,585.567,106.65
4,29,372.597,587.333,110.6
4,30,372.766,589.506,114.55
4,31,372.534,592.289,118.5
4,32,372.082,593.801,122.45
4,33,371.852,594.529,126.4
4,34,370.331,595.906,130.35
4,35,369.494,596.187,134.3
4,36,368.712,596.504,138.25
4,37,367.574,596.918,142.2
4,38,366.961,596.88,146.15
4,39,366.208,597.181,150.1
4,40,365.646,597.386,154.05
4,41,363.962,598.279,158
4,42,363.069,598.623,161.95
4,43,362.203,599.107,165.9
4,44,360.825,600.613,169.85
4,45,362.994,606.673,173.8
4,46,370.823,612.72,177.75
4,47,375.901,612.27,181.7
4,48,377.312,608.905,185.65
4,49,374.6,609.695,189.6
4,50,372.178,611.188,193.55
4,51,371.26,614.32,197.5
4,52,370.797,617.842,201.45
4,53,370.535,621.448,205.4
4,54,371.248,623.649,209.35
4,55,371.65,624.155,213.3
4,56,371.814,624.353,217.25
4,57,372.058,624.648,221.2
4,58,372.789,625.16,225.15
4,59,374.921,626.992,229.1
4,60,375.568,630.534,233.05
4,61,372.392,630.953,237
4,62,370.44,623.58,240.95
4,63,376.45,620.559,244.9
4,64,383.746,623.417,248.85
4,65,386.239,625.453,252.8
4,66,386.083,626.122,256.75
4,67,385.893,626.072,260.7
4,68,388.85,622.739,264.65
4,69,392.844,622.213,268.6
4,70,396.159,623.573,272.55
4,71,397.064,625.02,276.5
4,72,396.976,624.936,280.45
4,73,397.126,625.429,284.4
4,74,397.514,627.292,288.35
4,75,397.329,628.491,292.3
4,76,397.537,628.491,296.25
4,77,397.693,628.728,300.2
4,78,397.62,628.66,304.15
4,79,397.692,628.763,308.1
4,80,397.712,628.972,312.05
4,81,397.597,628.693,316
4,82,397.59,628.934,319.95
4,83,397.406,629.167,323.9
4,84,397.134,627.644,327.85
4,85,396.897,627.758,331.8
4,86,396.684,627.59,335.75
4,87,394.226,623.668,339.7
4,88,393.041,623.114,343.65
4,89,391.8,623.06,347.6
4,90,389.977,625.437,351.55
4,91,391.648,629.886,355.5
4,92,396.266,631.388,359.45
4,93,402.88,629.994,363.4
4,94,408.925,629.163,367.35
4,95,416.318,629.817,371.3
4,96,419.055,630.396,375.25
4,97,421.512,631.571,379.2
4,98,425.224,629.765,383.15
4,99,428.056,625.259,387.1
4,100,431.29,621.266,391.05
4,101,433.975,617.86,395
4,102,435.742,614.45,398.95
4,103,435.918,611.977,402.9
4,104,435.195,611.652,406.85
4,105,434.068,611.828,410.8
4,106,432.207,615.165,414.75
4,107,432.192,618.692,418.7
4,108,433.833,620.14,422.65
4,109,437.869,622.727,426.6
4,110,439.462,623.742,430.55
4,111,440.608,624.465,434.5
4,112,452.622,625.251,438.45
4,113,455.94,622.567,442.4
4,114,462.619,616.145,446.35
4,115,466.27,605.936,450.3
4,116,470.271,600.509,454.25
4,117,471.227,599.533,458.2
4,118,473.184,588.995,462.15
4,119,472.662,586.076,466.1
4,120,471.811,585.007,470.05
4,121,471.717,585.07,474
4,122,475.933,587.096,477.95
4,123,480.684,589.43,481.9
4,124,472.846,583.492,485.85
4,125,470.733,576.085,489.8
4,126,473.294,560.284,493.75
4,127,471.663,547.259,497.7
4,128,470.238,535.27,501.65
4,129,471.364,529.059,505.6
4,130,488.906,530.361,509.55
4,131,499.332,535.506,513.5
4,132,503.621,543.963,517.45
4,133,499.643,548.634,521.4
4,134,499.045,547.707,525.35
4,135,503.509,553.443,529.3
4,136,511.433,552.841,533.25
4,137,512.475,552.157,537.2
4,138,509.587,570.694,541.15
4,139,498.033,570.498,545.1
4,140,495.383,561.82,549.05
4,141,498.068,552.98,553
4,142,499.027,543.451,556.95
4,143,497.333,532.114,560.9
4,144,487.309,517.227,564.85
4,145,481.779,503.624,568.8
4,146,476.48,492.679,572.75
4,147,469.423,483.093,576.7
4,148,465.854,480.566,580.65
4,149,457.635,469.33,584.6
4,150,449.377,459.353,588.55
4,151,441.959,446.297,592.5
4,152,438.845,433.246,596.45
4,153,432.282,422.852,600.4
4,154,430.659,420.544,604.35
4,155,420.937,406.95,608.3
4,156,411.408,405.343,612.25
4,157,410.54,413.353,616.2
4,158,417.393,419.475,620.15
4,159,417.257,422.755,624.1
4,160,413.452,425.685,628.05
4,161,416.216,434.799,632
4,162,424.605,435.391,635.95
4,163,430.738,426.246,639.9
4,164,425.806,420.38,643.85
4,165,421.564,423.871,647.8
4,166,422.573,436.476,651.75
4,167,434.562,442.561,655.7
4,168,440.718,441.541,659.65
4,169,442.962,440.647,663.6
5,1,327.51,669.641,67.15
5,2,327.663,670.015,71.1
5,3,327.015,669.371,75.05
5,4,332.412,664.601,79
5,5,333.926,664.845,82.95
5,6,332.325,664.561,86.9
5,7,333.595,653.821,90.85
5,8,328.151,655.502,94.8
5,9,330.593,664.776,98.75
5,10,332.085,662.822,102.7
5,11,341.009,659.672,106.65
5,12,339.641,659.999,110.6
5,13,338.932,659.092,114.55
5,14,339.016,659.599,118.5
5,15,339.108,662.911,122.45
5,16,340.478,665.964,126.4
5,17,342.271,668.348,130.35
5,18,348.26,657.861,134.3
5,19,360.193,651.705,138.25
5,20,340.285,648.2,142.2
5,21,363.92,655.492,146.15
5,22,359.858,656.476,150.1
5,23,348.757,653.937,154.05
5,24,354.56,641.802,158
5,25,357.21,640.994,161.95
5,26,365.047,645.542,165.9
5,27,363.079,656.25,169.85
5,28,363.696,657.005,173.8
5,29,363.222,656.958,177.75
5,30,361.768,657.585,181.7
5,31,365.374,664.356,185.65
5,32,365.997,669.724,189.6
5,33,366.482,676.692,193.55
5,34,365.913,686.585,197.5
5,35,365.476,687.747,201.45
5,36,362.186,690.058,205.4
5,37,358.299,694.779,209.35
5,38,358.225,698.226,213.3
5,39,358.208,700.388,217.25
5,40,359.505,698.923,221.2
5,41,359.069,700.896,225.15
5,42,361.854,707.303,229.1
5,43,362.961,710.027,233.05
5,44,363.635,711.113,237
5,45,363.573,710.975,240.95
5,46,363.188,710.487,244.9
5,47,364.288,711.345,248.85
5,48,368.154,708.222,252.8
5,49,370.828,702.807,256.75
5,50,370.929,702.15,260.7
5,51,370.888,702.559,264.65
5,52,370.882,702.981,268.6
5,53,370.831,702.896,272.55
5,54,370.898,702.973,276.5
5,55,371.086,701.514,280.45
5,56,367.997,693.452,284.4
5,57,361.677,690.476,288.35
5,58,360.24,690.738,292.3
5,59,358.018,691.562,296.25
5,60,353.516,693.151,300.2
5,61,353.4,697.749,304.15
5,62,353.896,698.788,308.1
5,63,355.594,701.199,312.05
5,64,355.126,709.616,316
5,65,357.008,717.382,319.95
5,66,364.696,715.536,323.9
5,67,361.861,706.235,327.85
5,68,353.045,704.16,331.8
5,69,350.668,706.213,335.75
5,70,350.069,707.756,339.7
5,71,349.654,706.954,343.65
5,72,352.237,709.387,347.6
5,73,353.766,710.116,351.55
5,74,354.789,710.825,355.5
5,75,355.378,711.066,359.45
5,76,357.654,712.172,363.4
5,77,359.915,713.091,367.35
5,78,359.264,710.823,371.3
5,79,356.6,712.486,375.25
5,80,356.583,709.59,379.2
5,81,358.33,710.068,383.15
5,82,364.603,712.645,387.1
5,83,368.273,713.87,391.05
5,84,368.462,714.551,395
5,85,362.515,712.538,398.95
5,86,355.667,708.741,402.9
5,87,360.326,706.641,406.85
5,88,360.392,705.236,410.8
5,89,351.341,698.834,414.75
5,90,347.928,705.498,418.7
5,91,348.591,709.382,1864.4
5,92,348.02,709.187,1868.35
5,93,356.307,714.998,1872.3
5,94,358.277,715.405,1876.25
5,95,367.784,710.741,1880.2
5,96,359.812,707.575,1884.15
5,97,356.783,708.758,1888.1
5,98,363.88,715.769,1892.05
5,99,365.481,716.09,1896
5,100,365.789,715.161,1899.95
5,101,365.79,717.216,1903.9
5,102,366.348,717.176,1907.85
5,103,367.781,725.529,1911.8
5,104,365.939,730.621,1915.75
5,105,363.707,738,1919.7
5,106,359.879,736.513,1923.65
5,107,355.651,729.991,1927.6
5,108,354.264,726.835,1931.55
5,109,357.732,725.806,1935.5
5,110,362.071,728.474,1939.45
5,111,363.165,728.952,1943.4
5,112,370.051,732.131,1947.35
5,113,375.752,730.631,1951.3
5,114,386.461,727.382,1955.25
5,115,394.709,715.135,1959.2
5,116,391.555,713.824,1963.15
5,117,375.807,700.302,1967.1
5,118,376.32,698.7,1971.05
5,119,379.28,697.307,1975
5,120,381.741,696.647,1978.95
5,121,381.817,696.765,1982.9
5,122,381.961,697.914,2121.15
5,123,382.03,697.299,2125.1
5,124,383.382,695.973,2129.05
5,125,383.547,695.983,2133
5,126,384.21,694.919,2136.95
5,127,385.229,694.03,2140.9
5,128,385.396,694.056,2144.85
5,129,385.148,694.276,2148.8
5,130,385.328,693.869,2152.75
5,131,385.68,693.776,2156.7
5,132,385.625,693.849,2160.65
5,133,385.484,693.73,2164.6
5,134,385.615,693.716,2168.55
5,135,385.623,693.652,2172.5
5,136,385.458,693.647,2176.45
5,137,395.381,698.033,2180.4
5,138,390.66,708.694,2184.35
5,139,388.985,708.675,2188.3
5,140,384.639,706.203,2192.25
5,141,381.617,703.046,2196.2
5,142,381.476,702.552,2200.15
5,143,381.188,702.621,2204.1
5,144,380.326,702.864,2208.05
5,145,380.437,702.78,2212
5,146,381.1,702.792,2215.95
5,147,381.447,702.912,2219.9
5,148,381.501,702.979,2223.85
5,149,381.374,702.717,2227.8
5,150,380.435,702.837,2231.75
5,151,380.605,702.924,2235.7
5,152,380.815,703.103,2239.65
5,153,380.648,703.073,2243.6
5,154,380.344,702.873,2247.55
5,155,380.309,702.964,2251.5
5,156,380.405,702.874,2255.45
5,157,380.651,702.912,2259.4
5,158,380.681,703.243,2263.35
5,159,379.603,700.827,2267.3
5,160,384.7,697.109,2271.25
5,161,388.446,703.519,2275.2
5,162,390.553,709.213,2279.15
5,163,388.06,712.975,2283.1
5,164,378.995,705.164,2287.05
5,165,381.15,702.536,2291
5,166,382.838,711.609,2294.95
5,167,389.933,707.693,2298.9
5,168,387.233,713.199,2302.85
5,169,377.509,705.327,2306.8
5,170,376.532,702.498,2310.75
5,171,376.381,702.55,2314.7
5,172,376.587,703.249,2318.65
5,173,389.51,712.518,2322.6
5,174,377.821,710.572,2326.55
5,175,377.177,709.917,2330.5
5,176,378.193,710.895,2334.45
5,177,382.397,711.354,2338.4
5,178,375.023,705.671,2342.35
5,179,384.462,707.052,2346.3
5,180,379.841,717.433,2350.25
5,181,374.813,706.058,2354.2
5,182,378.5,702.395,2358.15
5,183,381.193,705.769,2362.1
5,184,382.346,712.685,2366.05
5,185,377.406,718.67,2370
5,186,373.997,713.64,2373.95
5,187,381.264,707.046,2377.9
5,188,387.551,709.105,2381.85
5,189,387.729,709.236,2385.8
5,190,393.754,704.952,2389.75
5,191,394.687,705.661,2393.7
5,192,394.989,705.807,2397.65
5,193,394.998,705.722,2401.6
5,194,394.946,705.815,2405.55
5,195,394.87,705.731,2409.5
5,196,394.78,705.629,2413.45
5,197,394.037,705.336,2417.4
5,198,394.922,705.397,2421.35
5,199,394.956,705.321,2425.3
5,200,395.017,705.39,2429.25
5,201,395.017,705.337,2433.2
5,202,395.118,705.301,2437.15
5,203,395.032,705.363,2441.1
5,204,394.86,705.358,2445.05
5,205,394.903,705.283,2449
5,206,394.937,705.425,2452.95
5,207,394.951,705.248,2456.9
5,208,394.999,705.305,2460.85
5,209,395.03,705.292,2464.8
5,210,394.932,705.3,2468.75
5,211,394.978,705.22,2472.7
5,212,395.206,705.313,2476.65
5,213,395.107,705.365,2480.6
5,214,394.825,705.247,2484.55
5,215,395.141,705.32,2488.5
5,216,394.528,703.997,2492.45
5,217,394.517,705.178,2496.4
5,218,394.773,705.391,2500.35
5,219,394.004,705.785,2504.3
5,220,395.57,704.956,2508.25
5,221,397.179,704.801,2512.2
5,222,399.367,704.638,2516.15
5,223,403.585,705.086,2520.1
5,224,403.645,705.036,2524.05
5,225,402.478,704.844,2528
5,226,401.961,704.757,2531.95
5,227,401.86,704.81,2535.9
5,228,401.687,704.773,2539.85
5,229,401.857,704.801,2543.8
5,230,402.203,704.845,2547.75
5,231,402.631,704.897,2551.7
5,232,403.095,704.985,2555.65
5,233,403.197,704.934,2559.6
5,234,403.29,704.981,2563.55
5,235,403.463,705.045,2567.5
5,236,403.522,705.009,2571.45
5,237,403.445,704.945,2575.4
5,238,403.624,704.994,2579.35
5,239,403.465,705.042,2583.3
5,240,403.51,704.882,2587.25
5,241,403.393,704.867,2591.2
5,242,403.582,704.889,2595.15
5,243,403.473,704.983,2599.1
5,244,403.498,704.786,2603.05
5,245,403.514,704.888,2607
5,246,403.841,704.838,2610.95
5,247,404.358,705.182,2614.9
5,248,407.883,706.591,2618.85
5,249,409.992,708.432,2622.8
5,250,409.34,708.076,2626.75
5,251,409.48,708.682,2630.7
6,1,320.876,658.451,0
6,2,319.832,656.547,3.95
6,3,316.578,650.55,7.9
6,4,316.807,648.302,11.85
6,5,319.476,644.021,15.8
6,6,317.469,644.264,19.75
6,7,317.532,644.274,23.7
6,8,317.45,644.163,27.65
6,9,317.567,643.954,31.6
6,10,317.643,643.979,35.55
6,11,317.586,644.314,39.5
6,12,317.656,644.37,43.45
6,13,317.544,644.225,47.4
6,14,317.593,644.457,51.35
6,15,317.727,644.198,55.3
6,16,318.021,643.47,59.25
6,17,318.188,642.92,63.2
6,18,318.484,642.342,67.15
6,19,318.598,641.362,71.1
6,20,318.563,640.459,75.05
6,21,318.401,639.78,79
6,22,311.11,636.3,82.95
6,23,313.84,629.812,86.9
6,24,319.177,620.293,90.85
6,25,323.208,625.795,94.8
6,26,324.218,637.713,98.75
6,27,319.06,643.863,102.7
6,28,312.58,641.543,106.65
6,29,311.621,643.478,110.6
6,30,311.683,647.391,114.55
6,31,310.69,647.614,118.5
6,32,320.264,638.688,122.45
6,33,324.993,633.538,126.4
6,34,322.632,626.111,130.35
6,35,317.871,618.253,134.3
6,36,305.579,610.129,138.25
6,37,294.06,603.128,142.2
6,38,286.378,595.998,146.15
6,39,278.374,602.16,150.1
6,40,285.743,613.155,154.05
6,41,279.774,613.817,158
6,42,275.687,605.727,161.95
6,43,267.403,593.928,165.9
6,44,264.991,590.925,169.85
6,45,263.771,589.899,173.8
6,46,260.56,591.439,177.75
6,47,258.681,594.584,181.7
6,48,258.039,595.181,185.65
6,49,257.983,594.151,189.6
6,50,256.36,594.436,193.55
6,51,255.32,603.3,197.5
6,52,256.202,615.588,201.45
6,53,249.846,626.833,205.4
6,54,242.25,631.909,209.35
6,55,229.248,635.501,213.3
6,56,219.517,639.719,217.25
6,57,218.286,649.453,221.2
6,58,220.311,651.272,225.15
6,59,221.412,650.236,229.1
6,60,220.677,649.471,233.05
6,61,220.226,649.829,237
6,62,220.22,650.126,240.95
6,63,220.908,650.431,244.9
6,64,223.807,650.209,248.85
6,65,230.781,651.141,252.8
6,66,232.345,655.162,256.75
6,67,225.369,656.919,260.7
6,68,221.017,661.182,264.65
6,69,216.942,657.287,268.6
6,70,215.187,657.222,272.55
6,71,212.534,657.194,276.5
6,72,212.565,657.363,280.45
6,73,212.26,657.482,284.4
6,74,212.057,657.789,288.35
6,75,212.051,657.816,292.3
6,76,208.269,661.969,296.25
6,77,207.398,662.702,300.2
6,78,206.767,662.927,304.15
6,79,206.777,665.137,308.1
6,80,208.906,666.937,312.05
6,81,187.815,673.372,316
6,82,187.137,674.41,319.95
6,83,187.136,674.89,323.9
6,84,188.023,676.709,327.85
6,85,187.165,676.692,331.8
6,86,188.34,677.212,335.75
7,1,40.572,377.12,0
7,2,36.09,370.987,3.95
7,3,33.632,369.089,7.9
7,4,28.647,364.028,11.85
7,5,27.056,359.206,15.8
7,6,28.256,356.453,19.75
7,7,31.562,364.183,23.7
7,8,29.598,374.795,27.65
7,9,29.855,389.365,31.6
7,10,28.541,404.593,35.55
7,11,26.082,414.565,39.5
7,12,21.9,426.086,43.45
7,13,18.063,431.852,47.4
7,14,11.269,430.406,51.35
7,15,14.771,422.85,55.3
7,16,20.201,424.781,59.25
7,17,20.532,426.092,63.2
7,18,20.564,426.341,67.15
7,19,20.525,426.466,71.1
7,20,19.078,427.724,75.05
7,21,16.025,424.831,79
7,22,17.929,418.876,82.95
7,23,20.493,416.387,86.9
7,24,21.373,415.534,90.85
7,25,22.924,413.73,94.8
7,26,23.748,412.579,98.75
7,27,24.002,412.289,102.7
7,28,24.066,412.158,106.65
7,29,24.293,412.009,110.6
7,30,24.324,411.923,114.55
7,31,24.437,411.831,118.5
7,32,25.36,410.569,122.45
7,33,30.281,407.024,126.4
7,34,31.449,405.958,130.35
7,35,31.606,405.383,134.3
7,36,31.783,407.037,869
7,37,30.965,407.432,948
7,38,31.155,407.548,951.95
7,39,30.771,407.556,955.9
7,40,29.309,409.065,1082.3
7,41,28.343,409.453,1086.25
7,42,27.982,409.166,1090.2
7,43,27.73,409.163,1094.15
7,44,25.413,409.633,2693.9
8,1,268.111,234.781,434.5
8,2,269.853,236.587,438.45
8,3,267.952,245.725,442.4
8,4,267.605,245.445,446.35
8,5,267.333,245.753,450.3
8,6,267.267,245.611,454.25
8,7,267.066,245.651,458.2
8,8,266.942,245.938,462.15
8,9,267.026,245.752,466.1
8,10,266.97,245.717,470.05
8,11,266.945,245.671,474
8,12,266.805,245.976,477.95
8,13,266.943,245.696,481.9
8,14,266.998,245.688,485.85
8,15,266.996,245.693,489.8
8,16,266.942,245.66,493.75
8,17,266.973,245.691,497.7
8,18,266.868,245.669,501.65
8,19,266.879,245.834,505.6
8,20,266.814,245.774,509.55
8,21,266.961,245.742,513.5
8,22,266.923,245.701,517.45
8,23,266.775,245.634,521.4
8,24,266.612,245.688,525.35
8,25,265.285,245.5,529.3
8,26,262.098,244.344,533.25
8,27,262.403,244.967,537.2
8,28,261.391,244.884,541.15
8,29,260.491,244.59,545.1
8,30,258.157,244.417,549.05
8,31,257.468,245.611,553
8,32,256.124,247.092,556.95
8,33,254.567,248.228,560.9
8,34,253.692,249.148,564.85
8,35,253.685,248.793,568.8
8,36,252.948,249.184,572.75
8,37,252.395,249.271,576.7
8,38,251.366,250.033,580.65
8,39,249.316,252.288,584.6
8,40,248.329,254.607,588.55
8,41,247.091,261.154,592.5
8,42,244.879,266.451,596.45
8,43,246.129,270.275,600.4
8,44,258.003,270.916,604.35
8,45,268.809,268.911,608.3
8,46,278.531,262.517,612.25
8,47,281.126,258.367,616.2
8,48,281.67,257.533,620.15
8,49,281.969,257.356,624.1
8,50,282.097,257.296,628.05
8,51,282.223,257.217,632
8,52,282.155,257.276,635.95
8,53,281.927,257.373,639.9
8,54,282.034,257.404,643.85
8,55,282.074,257.22,647.8
8,56,282.16,257.301,651.75
8,57,282.206,257.264,655.7
8,58,282.132,257.323,659.65
8,59,282.124,257.255,663.6
8,60,282.006,257.417,667.55
8,61,282.039,257.365,671.5
8,62,282.051,257.479,675.45
8,63,282.108,257.432,679.4
8,64,282.003,257.418,683.35
8,65,282.173,257.315,687.3
8,66,282.155,257.341,691.25
8,67,282.079,257.323,695.2
8,68,282.068,257.345,699.15
8,69,282.056,257.345,703.1
8,70,282.126,257.21,707.05
8,71,282.121,257.229,711
8,72,282.021,257.322,714.95
8,73,282.015,257.269,718.9
8,74,282.047,257.293,722.85
8,75,282.119,257.252,726.8
8,76,282.062,257.206,730.75
8,77,282.113,257.227,734.7
8,78,282.095,257.219,738.65
8,79,282.052,257.257,742.6
8,80,282.016,257.173,746.55
8,81,282.041,257.201,750.5
8,82,281.982,257.297,754.45
8,83,282.1,257.137,758.4
8,84,282.079,257.286,762.35
8,85,282.117,257.13,766.3
8,86,282.158,257.145,770.25
8,87,282.051,257.271,774.2
8,88,282.086,257.221,778.15
8,89,282.129,257.308,782.1
8,90,282.117,257.133,786.05
8,91,281.97,257.232,790
8,92,282.047,257.189,793.95
8,93,281.994,257.248,797.9
8,94,282.122,257.262,801.85
8,95,282.103,257.149,805.8
8,96,282.236,257.115,809.75
8,97,282.551,256.802,813.7
8,98,282.903,256.49,817.65
8,99,282.852,256.476,821.6
8,100,283.078,256.231,825.55
8,101,283.448,255.652,829.5
8,102,284.326,252.903,833.45
8,103,282.667,249.574,837.4
8,104,280.205,242.566,841.35
8,105,277.818,236.261,845.3
8,106,276.981,232.152,849.25
8,107,276.61,230.68,853.2
8,108,275.163,228.292,857.15
8,109,273.21,232.134,861.1
8,110,272.681,240.113,865.05
8,111,275.503,248.928,869
8,112,276.575,254.482,872.95
8,113,276.346,254.856,876.9
8,114,277.624,257.361,880.85
8,115,277.376,263.464,884.8
8,116,278.404,274.867,888.75
8,117,280.485,276.979,892.7
8,118,283.034,278.232,896.65
8,119,286.981,273.751,900.6
8,120,293.226,267.005,904.55
8,121,296.467,261.813,908.5
8,122,297.388,251.758,912.45
8,123,296.819,246.445,916.4
8,124,297.504,241.875,920.35
8,125,290.254,232.164,924.3
8,126,285.888,223.774,928.25
8,127,285.59,222.776,932.2
8,128,285.46,222.368,936.15
8,129,285.416,222.362,940.1
8,130,285.124,221.766,944.05
8,131,284.491,220.87,948
8,132,279.977,226.084,951.95
8,133,276.057,230.149,955.9
8,134,275.252,239.982,959.85
8,135,278.579,243.865,963.8
8,136,286.239,239.599,967.75
8,137,286.9,230.789,971.7
8,138,281.873,222.634,975.65
8,139,277.503,220.191,979.6
8,140,267.984,216.769,983.55
8,141,255.633,209.391,987.5
8,142,243.858,200.44,991.45
8,143,233.658,192.975,995.4
8,144,226.797,185.951,999.35
8,145,222.705,180.241,1003.3
8,146,223.146,171.584,1007.25
8,147,222.03,167.488,1011.2
8,148,219.198,164.479,1015.15
8,149,211.244,159.909,1019.1
8,150,205.111,157.607,1023.05
8,151,200.988,158.76,1027
8,152,200.339,158.521,1030.95
8,153,198.748,158.636,1034.9
8,154,196.978,166.601,1038.85
8,155,203.115,172.827,1042.8
8,156,205.775,175.496,1046.75
8,157,209.076,177.973,1050.7
8,158,212.823,180.691,1054.65
8,159,219.603,185.094,1058.6
8,160,227.716,190.713,1062.55
8,161,229.301,192.957,1066.5
8,162,231.018,197.255,1070.45
8,163,230.749,198.661,1074.4
8,164,230.54,198.74,1078.35
8,165,230.482,198.845,1082.3
8,166,230.641,198.924,1086.25
8,167,231.085,199.694,1090.2
8,168,228.158,204.15,1094.15
8,169,222.92,205.52,1098.1
8,170,219.895,206.842,1102.05
8,171,216.845,208.61,1106
8,172,214.186,212.88,1109.95
8,173,213.659,215.923,1113.9
8,174,213.559,218.023,1117.85
8,175,211.706,228.461,1121.8
8,176,208.691,234.296,1125.75
8,177,209.507,237.2,1129.7
8,178,209.629,247.756,1133.65
8,179,218.007,262.164,1137.6
8,180,233.335,270.252,1141.55
8,181,239.707,269.881,1145.5
8,182,241.5,269.611,1149.45
8,183,245.587,269.842,1153.4
8,184,253.365,265.441,1157.35
8,185,260.004,257.261,1161.3
8,186,265.374,240.068,1165.25
8,187,264.275,230.82,1169.2
8,188,262.941,227.059,1173.15
8,189,253.216,212.772,1177.1
8,190,249.737,208.83,1181.05
8,191,240.921,196.801,1185
8,192,233.199,192.244,1188.95
8,193,222.139,186.044,1192.9
8,194,214.347,186.331,1196.85
8,195,203.556,188.216,1200.8
8,196,199.409,188.747,1204.75
8,197,188.341,188.399,1208.7
8,198,181.74,201.257,1212.65
8,199,182.183,214.958,1216.6
8,200,182.624,233.95,1220.55
8,201,183.505,251.967,1224.5
8,202,184.056,269.183,1228.45
8,203,182.449,282.244,1232.4
8,204,184.425,292.454,1236.35
8,205,203.009,297.711,1240.3
8,206,214.787,300.89,1244.25
8,207,222.164,298.415,1248.2
8,208,225.157,293.142,1252.15
8,209,225.178,294.552,1256.1
8,210,223.118,300.009,1260.05
8,211,219.756,308.416,1264
8,212,217.205,319.5,1267.95
8,213,210.843,336.978,1271.9
8,214,201.85,343.297,1275.85
8,215,196.68,351.066,1279.8
8,216,190.865,354.261,1283.75
8,217,187.268,367.802,1287.7
8,218,190.286,384.729,1291.65
8,219,192.357,402.202,1295.6
8,220,194.384,416.013,1299.55
8,221,191.577,430.193,1303.5
8,222,191.774,432.717,1307.45
8,223,191.644,444.348,1311.4
8,224,190.742,456.33,1315.35
8,225,186.894,475.978,1319.3
8,226,180.945,489.041,1323.25
8,227,180.414,511.149,1327.2
8,228,192.569,521.737,1331.15
8,229,206.233,530.292,1335.1
8,230,222.109,541.825,1339.05
8,231,228.436,553.584,1343
8,232,230.53,566.148,1346.95
8,233,231.392,581.927,1350.9
8,234,239.431,591.992,1354.85
8,235,244.477,593.181,1358.8
8,236,253.549,590.686,1362.75
8,237,264.341,594.369,1366.7
8,238,274.29,611.003,1370.65
8,239,283.61,626.336,1374.6
8,240,294.541,641.74,1378.55
8,241,304.869,651.948,1382.5
8,242,304.903,652.264,1386.45
8,243,305.396,652.356,1390.4
8,244,307.134,655.707,1394.35
8,245,307.277,670.192,1398.3
8,246,311.688,683.138,1402.25
8,247,313.095,691.329,1406.2
8,248,313.158,692.113,1410.15
8,249,313.198,697.132,1414.1
8,250,314.674,710.195,1418.05
8,251,317.041,722.969,1422
8,252,317.134,726.539,1425.95
8,253,317.596,728.018,1429.9
8,254,319.212,734.175,1433.85
8,255,325.161,740.228,1437.8
8,256,334.11,744.768,1441.75
8,257,332.891,753.999,1445.7
8,258,329.557,761.364,1449.65
8,259,327.513,762.224,1453.6
8,260,326.22,755.238,1457.55
8,261,316.67,743.985,1461.5
8,262,312.841,741.87,1465.45
8,263,312.699,741.698,1469.4
8,264,312.599,741.441,1473.35
8,265,312.267,741.069,1477.3
8,266,311.145,740.35,1481.25
8,267,307.825,738.08,1485.2
8,268,306.715,737.301,1489.15
8,269,306.733,737.367,1493.1
8,270,306.695,737.296,1497.05
8,271,306.408,737.23,1501
8,272,306.599,737.374,1504.95
8,273,306.522,737.225,1508.9
8,274,306.718,737.399,1512.85
8,275,306.691,737.299,1516.8
8,276,306.611,737.392,1520.75
8,277,306.488,737.319,1524.7
8,278,306.342,737.245,1528.65
8,279,306.475,737.266,1532.6
8,280,306.446,737.228,1536.55
8,281,306.37,737.193,1540.5
8,282,306.448,737.18,1544.45
8,283,306.18,737.055,1548.4
8,284,305.891,736.908,1552.35
8,285,305.954,737.052,1556.3
8,286,306.024,736.937,1560.25
8,287,306.018,736.942,1564.2
8,288,306.066,736.983,1568.15
8,289,306.04,736.949,1572.1
8,290,305.857,736.925,1576.05
8,291,305.898,736.93,1580
8,292,306.255,737.009,1583.95
8,293,306.295,736.977,1587.9
8,294,306.442,737.04,1591.85
8,295,305.916,736.753,1595.8
8,296,304.962,737.315,1599.75
8,297,302.554,736.99,1603.7
8,298,298.381,728.603,1607.65
8,299,298.875,728.938,1611.6
8,300,299.176,728.943,1615.55
8,301,302.146,730.479,1619.5
8,302,308.791,733.31,1623.45
8,303,319.403,729.04,1627.4
8,304,313.204,719.074,1631.35
8,305,311.52,718.804,1635.3
8,306,311.29,719.506,1639.25
8,307,309.266,729.888,1643.2
8,308,317.111,731.638,1647.15
8,309,324.158,737.703,1651.1
8,310,328.055,742.081,1655.05
8,311,330.319,746.897,1659
8,312,335.636,750.345,1662.95
8,313,339.655,751.445,1666.9
8,314,342.897,751.703,1670.85
8,315,355.501,758.964,1674.8
8,316,354.859,768.053,1678.75
8,317,358.336,779.732,1682.7
8,318,358.077,780.799,1686.65
8,319,358.161,781.079,1690.6
8,320,357.099,782.436,1694.55
8,321,351.757,792.466,1698.5
8,322,344.677,799.994,1702.45
8,323,342.731,801.743,1706.4
8,324,341.588,803.25,1710.35
8,325,337.393,811.202,1714.3
8,326,337.361,814.718,1718.25
8,327,336.861,819.66,1722.2
8,328,338.95,825.625,1726.15
8,329,337.848,827.495,1730.1
8,330,336.027,831.205,1734.05
8,331,335.274,834.236,1738
8,332,335.925,838.839,1741.95
8,333,330.831,848.955,1745.9
8,334,330.099,851.185,1749.85
8,335,330.381,851.152,1753.8
8,336,327.584,862.199,1757.75
8,337,327.449,867.739,1761.7
8,338,331.204,872.664,1765.65
8,339,337.763,878.589,1769.6
8,340,345.39,885.941,1773.55
8,341,351.039,886.447,1777.5
8,342,361.704,884.197,1781.45
8,343,371.284,885.289,1785.4
8,344,382.25,885.96,1789.35
8,345,386.248,888.195,1793.3
8,346,387.931,877.095,1797.25
8,347,383.53,872.764,1801.2
8,348,382.364,871.711,1805.15
8,349,377.901,866.69,1809.1
9,1,213.231,254.408,454.25
9,2,218.617,277.81,458.2
9,3,214.819,289.359,462.15
9,4,210.422,278.106,466.1
9,5,221.396,276.538,470.05
9,6,227.866,281.849,474
9,7,224.35,295.271,477.95
9,8,233.355,310.905,481.9
9,9,233.558,316.133,485.85
9,10,232.739,301.057,489.8
9,11,237.457,293.038,493.75
9,12,247.579,301.795,497.7
9,13,246.462,309.767,501.65
9,14,239.051,315.054,505.6
9,15,235.678,329.427,509.55
9,16,237.568,334.686,513.5
9,17,240.904,347.238,517.45
9,18,249.588,351.531,521.4
9,19,245.565,346.612,525.35
9,20,249.066,359.079,529.3
9,21,248.161,347.206,533.25
9,22,236.549,347.768,537.2
9,23,232.678,360.973,541.15
9,24,236.621,375.241,545.1
9,25,228.273,380.309,549.05
9,26,226.476,381.793,553
9,27,225.42,387.731,556.95
9,28,216.497,403.792,560.9
9,29,210.31,416.04,564.85
9,30,204.95,427.41,568.8
9,31,199.084,444.009,572.75
9,32,199.312,448.728,576.7
9,33,203.984,459.679,580.65
9,34,208.671,467.671,584.6
9,35,210.229,483.286,588.55
9,36,218.442,496.78,592.5
9,37,219.216,496.814,596.45
9,38,215.643,489.377,600.4
9,39,213.853,480.562,604.35
9,40,213.753,480.061,608.3
9,41,213.363,478.285,612.25
9,42,212.773,472.453,616.2
9,43,212.706,472.292,620.15
9,44,212.622,468.217,624.1
9,45,210.744,458.819,628.05
9,46,209.688,450.94,632
9,47,208.104,444.932,635.95
9,48,210.529,424.042,639.9
9,49,213.075,421.31,643.85
9,50,219.879,424.426,647.8
9,51,219.216,433.796,651.75
9,52,218.233,437.81,655.7
9,53,217.15,439.931,659.65
9,54,209.105,447.267,663.6
9,55,200.723,458.576,667.55
9,56,204.713,472.165,671.5
9,57,205.211,474.305,675.45
9,58,205.973,479.807,679.4
9,59,207.433,493.323,683.35
9,60,204.537,496.346,687.3
9,61,196.972,487.021,691.25
9,62,195.896,469.957,695.2
9,63,200.444,458.949,699.15
9,64,203.264,455.259,703.1
9,65,211.914,454.414,707.05
9,66,215.326,458.326,711
9,67,217.943,466.257,714.95
9,68,222.04,474.028,718.9
9,69,228.221,482.547,722.85
9,70,238.605,488.685,726.8
9,71,244.986,492.421,730.75
9,72,247.352,493.668,734.7
9,73,249.644,494.797,738.65
9,74,259.229,498.323,742.6
9,75,264.972,499.39,746.55
9,76,274.977,501.36,750.5
9,77,283.105,501.465,754.45
9,78,286.917,501.365,758.4
9,79,293.5,497.426,762.35
9,80,299.339,489.535,766.3
9,81,301.952,481.213,770.25
9,82,300.919,465.299,774.2
9,83,296.272,457.962,778.15
9,84,292.592,452.673,782.1
9,85,287.483,445.969,786.05
9,86,285.504,442.093,790
9,87,283.986,439.311,793.95
9,88,282.808,436.902,797.9
9,89,280.13,432.408,801.85
9,90,276.331,429.63,805.8
9,91,261.776,425.888,809.75
9,92,253.149,421.976,813.7
9,93,237.576,424.312,817.65
9,94,232.369,426.408,821.6
9,95,228.909,426.491,825.55
9,96,224.23,414.615,829.5
9,97,224.677,411.862,833.45
9,98,225.368,407.086,837.4
9,99,223.983,397.903,841.35
9,100,222.428,393.089,845.3
9,101,213.579,388.964,849.25
9,102,210.468,393.018,853.2
9,103,216.917,395.263,857.15
9,104,223.256,392.1,861.1
9,105,230.885,378.305,865.05
9,106,233.2,371.74,869
9,107,235.296,366.399,872.95
9,108,235.573,365.708,876.9
9,109,236.109,361.087,880.85
9,110,233.697,347.801,884.8
9,111,234.035,339.627,888.75
9,112,241.499,335.232,892.7
9,113,254.716,344.612,896.65
9,114,261.62,356.607,900.6
9,115,267.104,366.01,904.55
9,116,275.275,378.604,908.5
9,117,280.183,378.951,912.45
9,118,279.794,364.771,916.4
9,119,269.681,351.557,920.35
9,120,270.333,366.239,924.3
9,121,280.326,375.103,928.25
9,122,296.131,377.854,932.2
9,123,296.516,361.623,936.15
9,124,288.916,342.835,940.1
9,125,283.937,344.258,944.05
10,1,270.818,73.993,0
10,2,272.355,70.023,3.95
10,3,275.788,73.473,7.9
10,4,270.642,86.454,11.85
10,5,267.517,90.249,15.8
10,6,257.201,84.035,19.75
10,7,252.344,69.538,23.7
10,8,244.196,56.189,27.65
10,9,243.419,55.5,31.6
10,10,238.559,52.644,35.55
10,11,227.12,57.191,39.5
10,12,227.372,68.968,43.45
10,13,226.419,84.133,47.4
10,14,224.393,96.572,51.35
10,15,219.238,108.62,55.3
10,16,214.745,116.05,59.25
10,17,206.173,122.751,63.2
10,18,211.8,118.656,67.15
10,19,215.251,116.143,71.1
10,20,205.764,119.725,75.05
10,21,201.833,110.31,79
10,22,210.146,107.979,82.95
10,23,217.971,105.129,86.9
10,24,220.827,92.373,90.85
10,25,209.621,86.091,94.8
10,26,200.88,89.798,98.75
10,27,195.228,97.449,102.7
10,28,197.063,102.655,106.65
10,29,202.051,104.648,110.6
10,30,205.314,104.305,114.55
10,31,210.664,98.923,118.5
10,32,204.766,96.327,122.45
10,33,199.812,90.173,126.4
10,34,193.082,86.628,130.35
10,35,179.968,100.038,134.3
10,36,176.546,112.258,138.25
10,37,172.827,117.056,142.2
10,38,171.268,120.839,146.15
10,39,174.112,121.903,150.1
10,40,176.24,124.362,154.05
10,41,177.913,124.33,158
10,42,181.679,124.817,161.95
10,43,185.692,123.644,165.9
10,44,185.073,122.347,169.85
10,45,184.334,122.093,173.8
10,46,184.716,123.052,177.75
10,47,184.866,122.402,181.7
10,48,185.688,121.832,185.65
10,49,187.598,118.503,189.6
10,50,190.549,112.99,193.55
10,51,191.595,111.705,197.5
10,52,192.931,111.18,201.45
10,53,193.901,110.065,205.4
10,54,194.195,110.495,209.35
10,55,194.286,110.96,213.3
10,56,194.591,111.225,217.25
10,57,195.353,111.452,221.2
10,58,195.651,111.585,225.15
10,59,195.937,112.361,229.1
10,60,196.135,112.25,233.05
10,61,195.94,112.229,237
10,62,196.783,112.713,240.95
10,63,198.007,113.606,244.9
10,64,198.633,112.347,248.85
10,65,188.093,111.397,252.8
10,66,181.357,115.156,256.75
10,67,178.586,119.427,260.7
10,68,177.904,120.166,264.65
10,69,184.382,126.116,268.6
10,70,190.79,135.843,272.55
10,71,199.186,133.563,276.5
10,72,201.68,122.985,280.45
10,73,196.611,109.742,284.4
10,74,192.939,97.576,288.35
10,75,186.188,84.776,292.3
10,76,185.373,77.496,296.25
10,77,185.888,65.384,300.2
10,78,177.451,65.334,304.15
10,79,177.099,75.626,308.1
10,80,184.81,87.767,312.05
10,81,190.567,90.347,316
10,82,194.43,86.6,319.95
10,83,182.073,86.521,323.9
10,84,176.146,71.607,327.85
10,85,178.416,59.487,331.8
10,86,190.973,55.754,335.75
10,87,200.603,56.007,339.7
10,88,205.386,64.511,343.65
10,89,205.25,70.716,347.6
10,90,205.692,71.902,351.55
10,91,205.486,72.056,355.5
10,92,204.891,70.927,359.45
10,93,204.762,71.104,363.4
10,94,204.453,71.791,367.35
10,95,204.322,72.069,371.3
10,96,200.764,73.056,375.25
10,97,198.088,75.069,379.2
10,98,211.743,73.958,383.15
10,99,206.015,65.325,387.1
10,100,197.569,72.789,391.05
10,101,198.148,76.417,395
10,102,206.967,70.94,398.95
10,103,210.399,60.805,402.9
10,104,209.626,51.143,406.85
10,105,201.535,48.599,410.8
10,106,195.213,57.445,414.75
10,107,187.112,71.649,418.7
10,108,187.403,71.936,422.65
10,109,190.872,77.368,426.6
10,110,191.047,77.119,430.55
10,111,191.19,76.732,434.5
10,112,190.963,77.088,438.45
10,113,191.576,77.259,442.4
10,114,201.521,79.87,446.35
10,115,208.167,80.154,450.3
10,116,209.23,81.945,454.25
10,117,210.191,81.023,458.2
10,118,211.234,77.884,462.15
10,119,213.551,72.475,466.1
10,120,213.279,74.341,470.05
10,121,213.383,73.039,474
10,122,207.813,72.806,477.95
11,1,320.399,634.746,288.35
11,2,320.18,634.857,292.3
11,3,320.386,634.485,296.25
11,4,320.509,634.299,300.2
11,5,319.939,635.244,304.15
11,6,318.427,638.415,308.1
11,7,315.266,641.466,312.05
11,8,310.39,642.033,316
11,9,305.625,646.393,319.95
11,10,304.807,649.792,323.9
11,11,299.228,651.719,327.85
11,12,298.137,650.837,331.8
11,13,295.672,648.674,335.75
11,14,294.149,646.963,339.7
11,15,300.31,651.769,343.65
11,16,301.072,655.269,347.6
11,17,293.016,650.193,351.55
11,18,290.373,647.27,355.5
11,19,292.386,649.265,359.45
11,20,292.875,649.809,363.4
11,21,293.01,650.075,367.35
11,22,293.345,650.399,371.3
11,23,293.367,650.384,375.25
11,24,293.706,650.445,379.2
11,25,295.232,651.454,383.15
11,26,295.738,651.767,387.1
11,27,296.491,652.132,391.05
11,28,298.434,653.265,395
11,29,300.421,655.248,398.95
11,30,301.952,661.018,402.9
11,31,302.002,662.793,406.85
11,32,302.134,663.086,410.8
11,33,302.222,663.12,414.75
11,34,302.771,663.487,418.7
11,35,302.768,663.602,422.65
11,36,302.843,663.624,426.6
11,37,302.705,663.621,430.55
11,38,302.496,663.518,434.5
11,39,302.395,663.59,438.45
11,40,302.354,663.502,442.4
11,41,302.608,663.564,446.35
11,42,306.176,663.734,450.3
11,43,307.642,665.986,454.25
11,44,310.605,672.075,458.2
11,45,306.783,674.3,462.15
11,46,306.148,674.431,466.1
11,47,305.825,674.229,470.05
11,48,305.045,673.801,474
11,49,304.849,673.755,477.95
11,50,304.927,673.786,481.9
11,51,304.836,673.83,485.85
11,52,304.966,673.848,489.8
11,53,305.062,673.797,493.75
11,54,304.95,673.817,497.7
11,55,305.302,673.655,501.65
11,56,314.826,671.314,505.6
11,57,319.574,676.67,509.55
11,58,319.754,677.545,513.5
11,59,319.661,677.608,517.45
11,60,320.22,677.673,521.4
11,61,319.844,676.434,525.35
11,62,318.601,676.787,529.3
11,63,316.267,680.444,533.25
11,64,315.037,679.609,537.2
11,65,310.572,675.14,541.15
11,66,308.883,673.706,545.1
11,67,308.933,673.5,549.05
11,68,309.134,671.755,553
11,69,309.363,670.849,556.95
11,70,310.263,668.502,560.9
11,71,311.046,666.677,564.85
11,72,312.431,663.793,568.8
11,73,313.802,662.429,572.75
11,74,314.032,662.394,576.7
11,75,314.228,661.931,580.65
11,76,314.546,662.183,584.6
11,77,314.244,661.99,588.55
11,78,314.234,662.032,592.5
11,79,316.385,660.877,596.45
11,80,318.027,659.803,600.4
11,81,318.443,659.408,604.35
11,82,318.518,659.305,608.3
11,83,318.518,659.19,612.25
11,84,318.527,659.236,616.2
11,85,318.438,659.271,620.15
11,86,318.542,659.297,624.1
11,87,318.526,659.362,628.05
11,88,318.399,659.418,632
11,89,318.428,659.405,635.95
11,90,318.512,659.302,639.9
11,91,318.442,659.365,643.85
11,92,318.438,659.318,647.8
11,93,318.527,659.349,651.75
11,94,318.455,659.367,655.7
11,95,318.401,659.348,659.65
11,96,318.393,659.407,663.6
11,97,318.467,659.438,667.55
11,98,318.557,659.342,671.5
11,99,318.442,659.355,675.45
11,100,318.421,659.358,679.4
11,101,318.445,659.366,683.35
11,102,318.474,659.369,687.3
11,103,318.448,659.285,691.25
11,104,318.48,659.412,695.2
11,105,318.624,659.272,699.15
11,106,318.46,659.352,703.1
11,107,318.343,659.337,707.05
11,108,318.441,659.382,711
11,109,318.397,659.301,714.95
11,110,318.443,659.347,718.9
11,111,318.379,659.23,722.85
11,112,318.509,659.271,726.8
11,113,318.503,659.174,730.75
11,114,318.469,659.17,734.7
11,115,318.543,659.067,738.65
11,116,318.477,659.024,742.6
11,117,318.433,659.045,746.55
11,118,318.509,659.176,750.5
11,119,318.49,659.048,754.45
11,120,318.494,658.976,758.4
11,121,318.478,658.756,762.35
11,122,318.612,658.496,766.3
11,123,318.65,657.958,770.25
11,124,318.659,657.678,774.2
11,125,318.55,657.322,778.15
11,126,318.495,657.016,782.1
11,127,318.447,656.502,786.05
11,128,317.615,653.837,790
11,129,317.04,656.14,793.95
11,130,319.748,656.47,797.9
11,131,322.597,658.491,801.85
11,132,322.508,658.759,805.8
11,133,322.079,658.771,809.75
11,134,322.232,658.835,813.7
11,135,322.278,659.015,817.65
11,136,322.824,662.014,821.6
11,137,322.727,666.697,825.55
11,138,324.008,667.056,829.5
11,139,324.137,667.031,833.45
11,140,323.903,667.528,837.4
11,141,325.621,668.277,841.35
11,142,325.233,668.201,845.3
11,143,324.106,669.871,849.25
11,144,322.018,669.381,853.2
11,145,324.499,667.951,857.15
11,146,324.689,668.238,861.1
11,147,324.145,667.118,865.05
11,148,323.803,669.033,869
11,149,323.078,669.977,872.95
11,150,323.14,669.914,876.9
11,151,324.228,668.937,880.85
11,152,322.834,669.475,884.8
11,153,323.112,669.639,888.75
11,154,323.063,669.495,892.7
11,155,324.814,668.96,896.65
11,156,324.767,668.93,900.6
11,157,324.677,668.866,904.55
11,158,324.945,669.093,908.5
11,159,325.344,669.461,912.45
11,160,325.454,669.573,916.4
11,161,325.163,669.179,920.35
11,162,325.662,669.577,924.3
11,163,326.003,669.99,928.25
11,164,325.832,669.766,932.2
11,165,326.032,670.105,936.15
11,166,325.962,670.196,940.1
11,167,326.295,670.686,944.05
11,168,326.822,671.641,948
11,169,326.958,672.148,951.95
11,170,327.32,672.83,955.9
11,171,327.651,673.208,959.85
11,172,332.188,674.599,963.8
11,173,338.919,677.306,967.75
11,174,345.797,681.385,971.7
11,175,353.91,690.037,975.65
11,176,361.293,699.734,979.6
11,177,369.489,709.577,983.55
11,178,374.314,719.699,987.5
11,179,380.544,723.641,991.45
11,180,388.56,730.757,995.4
11,181,394.485,738.263,999.35
11,182,399.572,745.451,1003.3
11,183,404.432,755.43,1007.25
11,184,404.813,758.453,1011.2
11,185,404.597,759.618,1015.15
11,186,401.394,761.073,1019.1
11,187,388.49,759.116,1023.05
11,188,383.547,765.833,1027
11,189,377.624,771.67,1030.95
11,190,376.129,778.317,1034.9
11,191,375.512,784.567,1038.85
11,192,371.582,784.847,1042.8
11,193,369.783,778.121,1046.75
11,194,369.407,772.921,1050.7
11,195,372.16,767.442,1054.65
11,196,380.57,762.672,1058.6
11,197,383.771,763.546,1062.55
11,198,384.405,763.928,1066.5
11,199,384.674,764.197,1070.45
11,200,392.283,771.125,1074.4
11,201,401.889,778.791,1078.35
11,202,404.572,781.458,1082.3
11,203,404.683,782.016,1086.25
11,204,404.906,783.192,1090.2
11,205,403.854,786.299,1094.15
11,206,401.918,789.164,1098.1
11,207,400.092,794.629,1102.05
11,208,400.663,796.315,1106
11,209,401.162,797.369,1109.95
11,210,401.278,797.473,1113.9
11,211,404.868,804.298,1117.85
11,212,406.674,810.33,1121.8
11,213,412.686,815.398,1125.75
11,214,414.077,815.848,1129.7
11,215,414.154,815.948,1133.65
11,216,414.222,815.876,1137.6
11,217,414.034,815.862,1141.55
11,218,414.183,815.918,1145.5
11,219,414.127,815.906,1149.45
11,220,415.574,815.723,1153.4
11,221,422.419,816.167,1157.35
11,222,420.503,823.566,1161.3
11,223,420.425,830.306,1165.25
11,224,420.68,836.88,1169.2
11,225,420.842,840.448,1173.15
11,226,420.926,841.247,1177.1
11,227,421.042,841.289,1181.05
11,228,421.029,841.512,1185
11,229,420.919,841.315,1188.95
11,230,420.924,841.293,1192.9
11,231,420.879,841.247,1196.85
11,232,420.781,841.153,1200.8
11,233,420.889,841.244,1204.75
11,234,421.118,842.021,1208.7
11,235,421.376,842.91,1212.65
11,236,421.935,844.515,1216.6
11,237,422.215,845.895,1220.55
11,238,422.452,846.719,1224.5
11,239,422.42,847.243,1228.45
11,240,422.649,848.026,1232.4
11,241,422.737,848.368,1236.35
11,242,422.76,849.071,1240.3
11,243,422.704,849.106,1244.25
11,244,422.802,849.407,1248.2
11,245,422.682,849.591,1252.15
11,246,422.811,849.592,1256.1
11,247,422.836,849.719,1260.05
11,248,422.868,850.099,1264
11,249,422.912,850.826,1267.95
11,250,423.018,850.959,1271.9
11,251,423.028,851.327,1275.85
11,252,423.123,851.834,1279.8
11,253,423.121,851.981,1283.75
11,254,423.088,851.831,1287.7
11,255,423.096,851.927,1291.65
11,256,423.069,851.993,1295.6
11,257,423.157,852.539,1299.55
11,258,423.231,853.014,1303.5
11,259,423.331,853.418,1307.45
11,260,423.403,854.511,1311.4
11,261,423.726,855.915,1315.35
11,262,424.675,859.684,1319.3
11,263,425.144,860.748,1323.25
11,264,425.472,861.172,1327.2
11,265,425.484,861.219,1331.15
11,266,425.434,861.184,1335.1
11,267,425.362,861.16,1339.05
11,268,425.761,861.399,1343
11,269,425.56,861.474,1346.95
11,270,425.706,861.42,1350.9
11,271,425.675,861.447,1354.85
11,272,425.703,861.59,1358.8
11,273,425.689,861.53,1362.75
11,274,425.744,861.642,1366.7
11,275,425.959,862.08,1370.65
11,276,426.018,862.102,1374.6
11,277,426.022,861.912,1378.55
11,278,425.962,861.943,1382.5
11,279,426.068,862.19,1386.45
11,280,426.144,862.346,1390.4
11,281,426.185,862.324,1394.35
11,282,426.483,862.794,1398.3
11,283,426.468,862.794,1402.25
11,284,426.454,862.897,1406.2
11,285,426.679,863.138,1410.15
11,286,426.755,863.514,1414.1
11,287,426.69,863.453,1418.05
11,288,426.817,863.576,1422
11,289,426.992,863.754,1425.95
11,290,427.16,864.222,1429.9
11,291,425.789,862.877,1433.85
11,292,424.67,861.461,1437.8
11,293,423.893,859.866,1441.75
11,294,421.757,853.978,1445.7
11,295,418.92,847.919,1449.65
11,296,415.01,843.477,1453.6
11,297,409.468,834.738,1457.55
11,298,409.107,831.824,1461.5
11,299,408.541,824.02,1465.45
11,300,409.516,821.41,1469.4
11,301,408.496,817.152,1473.35
11,302,406.664,815.226,1477.3
11,303,406.222,814.932,1481.25
11,304,406.35,815.002,1485.2
11,305,406.406,815.037,1489.15
11,306,405.931,814.498,1493.1
11,307,402.516,805.783,1497.05
11,308,400.497,799.033,1501
11,309,397.95,794.519,1504.95
11,310,397.74,790.296,1508.9
11,311,399.679,778.232,1512.85
11,312,399.727,773.9,1516.8
11,313,399.642,767.203,1520.75
11,314,405.436,761.611,1524.7
11,315,403.823,746.767,1528.65
11,316,399.637,740.177,1532.6
11,317,398.193,738.452,1536.55
11,318,395.379,735.312,1540.5
11,319,398.464,732.802,1544.45
11,320,402.645,737.034,1548.4
11,321,401.232,734.363,2693.9
12,1,408.793,144.278,549.05
12,2,410.003,150.783,553
12,3,407.646,153.27,556.95
12,4,407.765,153.243,560.9
12,5,407.615,153.538,564.85
12,6,407.583,153.56,568.8
12,7,407.393,153.618,572.75
12,8,407.759,153.432,576.7
12,9,407.606,153.514,580.65
12,10,406.972,153.054,584.6
12,11,406.999,153.026,588.55
12,12,407.147,152.986,592.5
12,13,407.11,153.127,596.45
12,14,407.817,152.14,600.4
12,15,407.738,152.449,604.35
12,16,407.656,152.511,608.3
12,17,407.712,152.537,612.25
12,18,407.733,152.353,616.2
12,19,407.836,152.358,620.15
12,20,407.074,153.047,624.1
12,21,406.949,153.255,628.05
12,22,406.981,153.308,632
12,23,406.997,153.484,635.95
12,24,407.154,153.237,639.9
12,25,406.974,153.357,643.85
12,26,407.144,153.409,647.8
12,27,406.964,153.451,651.75
12,28,407.204,153.183,655.7
12,29,406.094,154.458,659.65
12,30,406.162,154.758,663.6
12,31,404.317,156.988,667.55
12,32,405.01,155.617,671.5
12,33,403.639,157.407,675.45
12,34,403.831,156.09,679.4
12,35,403.594,155.076,683.35
12,36,404.738,157.004,687.3
12,37,406.423,161.169,691.25
12,38,406.761,168.31,695.2
12,39,402.029,170.062,699.15
12,40,397.844,164.359,703.1
12,41,406.637,160.492,707.05
12,42,413.174,164.682,711
12,43,414.916,166.269,714.95
12,44,415.063,167.932,718.9
12,45,414.441,168.658,722.85
12,46,407.051,167.134,726.8
12,47,405.313,166.185,730.75
12,48,402.177,165.575,734.7
12,49,403.621,166.424,738.65
12,50,405.622,166.451,742.6
12,51,405.539,166.516,746.55
12,52,405.647,166.329,750.5
12,53,405.117,166.33,754.45
12,54,405.105,166.355,758.4
12,55,404.28,166.334,762.35
12,56,404.269,166.26,766.3
12,57,403.685,166.314,770.25
12,58,404.218,166.305,774.2
12,59,406.399,165.893,778.15
12,60,411.612,161.2,782.1
12,61,418.1,158.094,786.05
12,62,423.303,152.891,790
12,63,421.702,147.628,793.95
12,64,424.824,154.142,797.9
12,65,431.934,155.3,801.85
12,66,434.46,155.114,805.8
12,67,436.308,157.135,809.75
12,68,440.076,154.59,813.7
12,69,446.451,154.116,817.65
12,70,451.037,153.874,821.6
12,71,452.434,155.068,825.55
12,72,452.073,158.464,829.5
12,73,450.07,160.628,833.45
12,74,453.543,156.033,837.4
12,75,460.6,151.451,841.35
12,76,465.22,161.589,845.3
12,77,464.195,165.191,849.25
12,78,461.502,167.048,853.2
12,79,461.633,167.35,857.15
12,80,461.576,167.391,861.1
12,81,461.522,167.475,865.05
12,82,461.485,167.45,869
12,83,461.472,167.287,872.95
12,84,461.343,167.332,876.9
12,85,461.503,167.371,880.85
12,86,462.617,166.755,884.8
12,87,463.082,166.372,888.75
12,88,463.895,166.075,892.7
12,89,466.393,174.23,896.65
12,90,473.922,182.919,900.6
12,91,477.99,187.81,904.55
12,92,480.83,196.397,908.5
12,93,487.608,204.48,912.45
12,94,488.981,204.549,916.4
12,95,489.14,204.472,920.35
12,96,489.542,204.484,924.3
12,97,489.505,204.407,928.25
12,98,489.577,204.314,932.2
12,99,489.603,204.311,936.15
12,100,489.641,204.368,940.1
12,101,489.154,204.508,944.05
12,102,489.169,204.458,948
12,103,489.199,204.498,951.95
12,104,489.185,204.475,955.9
12,105,489.061,204.467,959.85
12,106,489.021,204.586,963.8
12,107,489.238,204.539,967.75
12,108,489.068,204.583,971.7
12,109,489.195,204.58,975.65
12,110,489.186,204.57,979.6
12,111,489.177,204.614,983.55
12,112,489.2,204.573,987.5
12,113,489.09,204.621,991.45
12,114,489.168,204.593,995.4
12,115,489.102,204.604,999.35
12,116,489.15,204.622,1003.3
12,117,489.05,204.658,1007.25
12,118,488.974,204.605,1011.2
12,119,489.042,204.699,1015.15
12,120,489.042,204.624,1019.1
12,121,488.933,204.622,1023.05
12,122,489.127,204.736,1027
12,123,489.071,204.689,1030.95
12,124,489.653,204.769,1034.9
12,125,495.822,210.041,1038.85
12,126,499.607,210.405,1042.8
12,127,507.004,207.859,1046.75
12,128,508.864,207.475,1050.7
12,129,509.852,207.153,1054.65
12,130,510.056,207.151,1058.6
12,131,509.769,207.229,1062.55
12,132,509.905,207.169,1066.5
12,133,509.46,207.149,1070.45
12,134,509.779,207.176,1074.4
12,135,509.521,207.143,1078.35
12,136,512.073,205.468,1082.3
12,137,514.174,197.26,1086.25
12,138,521.788,194.509,1090.2
12,139,525.499,193.837,1094.15
12,140,526.316,192.897,1098.1
12,141,526.43,192.686,1102.05
12,142,526.528,192.269,1106
12,143,526.518,191.742,1109.95
12,144,526.589,192.095,1113.9
12,145,526.577,192.104,1117.85
12,146,526.59,191.835,1121.8
12,147,526.55,192.148,1125.75
12,148,528.537,190.352,1129.7
12,149,537.256,190.154,1133.65
12,150,542.612,188.561,1137.6
12,151,552.819,186.341,1141.55
12,152,556.73,185.933,1145.5
12,153,558.445,185.17,1149.45
12,154,559.271,184.655,1153.4
12,155,563.345,181.297,1157.35
12,156,565.102,178.881,1161.3
12,157,565.493,177.938,1165.25
12,158,567.565,175.115,1169.2
12,159,567.282,175.372,1173.15
12,160,567.462,175.201,1177.1
12,161,567.297,175.143,1181.05
12,162,567.332,175.048,1185
12,163,567.12,174.959,1188.95
12,164,567.4,175.088,1192.9
12,165,567.217,174.945,1196.85
12,166,567.175,175.881,1200.8
12,167,566.33,180.72,1204.75
12,168,566.26,180.881,1208.7
12,169,566.219,180.588,1212.65
12,170,566.193,180.889,1216.6
12,171,563.778,183.815,1220.55
12,172,559.415,189.525,1224.5
12,173,558.992,189.41,1228.45
12,174,556.322,189.582,1232.4
12,175,550.927,182.532,1236.35
12,176,550.559,181.825,1240.3
12,177,546.897,183.015,1244.25
12,178,542.632,179.089,1248.2
12,179,543.452,174.35,1252.15
12,180,543.441,165.308,1256.1
12,181,547.87,159.992,1260.05
12,182,551.41,157.545,1264
12,183,554.049,152.589,1267.95
12,184,557.476,146.628,1271.9
12,185,557.855,136.741,1275.85
12,186,552.767,132.652,1279.8
12,187,550.34,139.749,1283.75
12,188,552.321,143.944,1287.7
12,189,554.361,146.892,1291.65
12,190,555.385,152.325,1295.6
12,191,556.504,155.827,1299.55
12,192,561.91,160.785,1303.5
12,193,564.131,168.563,1307.45
12,194,561.931,169.936,1311.4
12,195,558.071,174.972,1315.35
12,196,559.585,181.735,1319.3
12,197,556.334,190.947,1323.25
12,198,552.13,194.243,1327.2
12,199,548.186,194.607,1331.15
12,200,542.37,190.067,1335.1
12,201,540.08,181.477,1339.05
12,202,540.413,181.413,1343
12,203,542.745,181.876,1346.95
12,204,542.361,182.451,1350.9
12,205,544.283,185.951,1354.85
12,206,541.862,192.418,1358.8
12,207,539.254,197.772,1362.75
12,208,532.613,202.726,1366.7
12,209,528.325,206.52,1370.65
12,210,526.894,210.405,1374.6
12,211,525.412,213.572,1378.55
12,212,524.177,214.962,1382.5
12,213,517.798,222.633,1386.45
12,214,515.207,228.946,1390.4
12,215,515.838,233.841,1394.35
12,216,519.13,235.119,1398.3
12,217,521.826,235.802,1402.25
12,218,522.741,235.799,1406.2
12,219,523.081,235.736,1410.15
12,220,523.25,235.722,1414.1
12,221,523.278,235.661,1418.05
12,222,523.372,235.738,1422
12,223,523.257,235.696,1425.95
12,224,523.366,235.695,1429.9
12,225,524.236,235.114,1433.85
12,226,525.443,234.621,1437.8
12,227,525.641,234.242,1441.75
12,228,525.679,234.058,1445.7
12,229,525.669,234.388,1449.65
12,230,525.781,234.226,1453.6
12,231,525.726,234.356,1457.55
12,232,525.753,234.361,1461.5
12,233,525.753,234.316,1465.45
12,234,525.827,233.636,1469.4
12,235,525.841,233.787,1473.35
12,236,526.383,232.62,1477.3
12,237,528.157,238.125,1481.25
12,238,528.49,238.953,1485.2
12,239,528.912,239.493,1489.15
12,240,529.25,239.06,1493.1
12,241,529.52,238.702,1497.05
12,242,529.524,238.754,1501
12,243,530.108,238.358,1504.95
12,244,533.483,235.524,1508.9
12,245,541.301,235.834,1512.85
12,246,541.893,241.191,1516.8
12,247,542.63,243.029,1520.75
12,248,542.727,244.826,1524.7
12,249,542.725,245.542,1528.65
12,250,542.331,246.261,1532.6
12,251,542.27,246.861,1536.55
12,252,542.3,246.858,1540.5
12,253,542.178,246.87,1544.45
12,254,542.203,246.932,1548.4
12,255,542.263,246.935,1552.35
12,256,542.117,247.154,1556.3
12,257,542.189,247.064,1560.25
12,258,542.202,247.168,1564.2
12,259,542.346,246.935,1568.15
12,260,541.917,247.419,1572.1
12,261,535.965,243.727,1576.05
12,262,531.845,232.304,1580
12,263,532.941,229.099,1583.95
12,264,537.22,227.41,1587.9
12,265,546.004,231.468,1591.85
12,266,545.646,238.819,1595.8
12,267,543.531,240.081,1599.75
12,268,544.122,240.38,1603.7
12,269,548.08,247.369,1607.65
12,270,554.752,253.7,1611.6
12,271,560.85,255.271,1615.55
12,272,564.392,255.782,1619.5
12,273,567.636,261.365,1623.45
12,274,569.418,265.637,1627.4
12,275,571.385,270.972,1631.35
12,276,570.695,274.728,1635.3
12,277,570.215,275.67,1639.25
12,278,568.022,276.949,1643.2
12,279,563.993,273.498,1647.15
12,280,563.423,270.154,1651.1
12,281,558.727,263.43,1655.05
12,282,554.307,262.066,1659
12,283,552.393,264.768,1662.95
12,284,553.779,266.939,1666.9
12,285,556.189,266.164,1670.85
12,286,560.171,264.027,1674.8
12,287,560.567,263.797,1678.75
12,288,560.762,263.778,1682.7
12,289,560.682,263.849,1686.65
12,290,560.562,263.801,1690.6
12,291,560.486,263.921,1694.55
12,292,560.146,263.992,1698.5
12,293,560.047,264.158,1702.45
12,294,559.365,264.432,1706.4
12,295,559.482,264.477,1710.35
12,296,559.548,264.473,1714.3
12,297,559.405,264.396,1718.25
12,298,561.771,263.215,1722.2
12,299,563.628,262.539,1726.15
12,300,563.82,262.489,1730.1
12,301,564.023,262.367,1734.05
12,302,564.4,262.467,1738
12,303,565.016,262.695,1741.95
12,304,565.16,263.848,1745.9
12,305,569.589,268.726,1749.85
12,306,574.284,271.854,1753.8
12,307,582.656,276.137,1757.75
12,308,586.183,274.982,1761.7
12,309,587.779,269.766,1765.65
12,310,583.038,265.47,1769.6
12,311,578.752,266.586,1773.55
12,312,575.808,267.369,1777.5
12,313,574.242,267.443,1781.45
12,314,573.524,267.488,1785.4
12,315,572.945,267.867,1789.35
12,316,569.394,268.402,2693.9
13,1,367.698,212.353,0
13,2,370.656,207.364,3.95
13,3,379.979,204.696,7.9
13,4,384.966,209.468,11.85
13,5,380.766,220.538,15.8
13,6,380.126,223.168,19.75
13,7,378.647,226.009,23.7
13,8,376.213,227.697,27.65
13,9,364.073,226.995,31.6
13,10,359.916,228.178,35.55
13,11,342.194,234.215,39.5
13,12,337.386,237.998,43.45
13,13,333.889,248.402,47.4
13,14,333.664,253.715,51.35
13,15,332.616,260.342,55.3
13,16,335.152,263.904,59.25
13,17,345.179,264.668,63.2
13,18,352.513,264.838,67.15
13,19,356.287,273.839,71.1
13,20,354.139,280.348,75.05
13,21,353.25,278.485,79
13,22,351.25,268.417,82.95
13,23,354.784,257.305,86.9
13,24,360.42,252.71,90.85
13,25,360.791,242.961,94.8
13,26,361.907,240.105,98.75
13,27,365.053,236.055,102.7
13,28,364.974,232.034,106.65
13,29,364.858,230.953,110.6
13,30,364.914,229.371,114.55
13,31,365.566,222.107,118.5
13,32,370.345,213.53,122.45
13,33,370.242,198.884,126.4
13,34,368.974,195.091,130.35
13,35,362.505,179.333,134.3
13,36,359.295,164.747,138.25
13,37,351.4,164.709,142.2
13,38,352.285,156.973,146.15
13,39,354.449,146.066,150.1
13,40,354.488,139.367,154.05
13,41,341.212,127.302,158
13,42,335.855,115.839,161.95
13,43,331.013,103.981,165.9
13,44,326.094,93.335,169.85
13,45,323.73,79.623,173.8
13,46,325.401,70.876,177.75
13,47,328.771,63.966,181.7
13,48,336.204,63.507,185.65
13,49,332.768,71.065,189.6
13,50,330.582,76.104,193.55
13,51,324.387,76.863,197.5
13,52,320.89,68.202,201.45
13,53,320.584,53.92,205.4
13,54,316.298,47.459,209.35
13,55,321.668,40.442,213.3
13,56,324.016,39.339,217.25
13,57,326.813,39.221,221.2
13,58,328.381,40.171,225.15
16,1,228.886,267.483,0
16,2,228.917,265.424,3.95
16,3,228.712,262.984,7.9
16,4,228.243,261.912,11.85
16,5,226.075,263.031,15.8
16,6,223.561,264.724,19.75
16,7,218.414,273.384,23.7
16,8,219.163,279.265,27.65
16,9,221.165,291.503,31.6
16,10,220.233,293.92,35.55
16,11,219.221,302.092,39.5
16,12,222.957,308.599,43.45
16,13,225.716,316.388,47.4
16,14,222.184,334.585,51.35
16,15,217.122,341.901,55.3
16,16,213.257,352.784,59.25
16,17,207.716,365.013,63.2
16,18,209.855,380.47,67.15
16,19,211.911,390.536,71.1
16,20,213.124,394.091,75.05
16,21,218.311,393.517,79
16,22,224.156,391.183,82.95
16,23,216.28,386.313,86.9
16,24,218.926,374.08,90.85
16,25,226.522,357.767,94.8
16,26,229.912,346.305,98.75
16,27,227.757,335.112,102.7
16,28,225.607,328.449,106.65
16,29,223.575,323.981,110.6
16,30,222.422,321.619,114.55
16,31,222.115,312.043,118.5
16,32,221.375,300.19,122.45
16,33,221.133,295.613,126.4
16,34,213.738,288.571,130.35
17,1,135.81,234.217,1643.2
17,2,135.506,234.146,1647.15
17,3,134.409,231.527,1651.1
17,4,133.658,229.37,1655.05
17,5,133.555,229.389,1659
17,6,132.191,226.475,1662.95
17,7,135.599,206.74,1666.9
17,8,139.09,199.465,1670.85
17,9,148.259,196.567,1674.8
17,10,159.588,202.105,1678.75
17,11,160.673,204.545,1682.7
17,12,161.214,205.586,1686.65
17,13,162.129,217.892,1690.6
17,14,154.131,228.457,1694.55
17,15,152.214,228.705,1698.5
17,16,150.89,228.73,1702.45
17,17,154.758,216.978,1706.4
17,18,165.929,206.878,1710.35
17,19,169.567,199.89,1714.3
17,20,176.198,194.758,1718.25
17,21,188.639,190.425,1722.2
17,22,202.784,182.042,1726.15
17,23,207.794,176.754,1730.1
17,24,211.144,163.295,1734.05
17,25,211.539,159.426,1738
17,26,211.082,162.793,1741.95
17,27,214.582,175.825,1745.9
17,28,214.769,185.303,1749.85
17,29,211.149,195.011,1753.8
17,30,206.581,213.597,1757.75
17,31,199.449,220.645,1761.7
17,32,195.345,230.299,1765.65
17,33,193.61,248.042,1769.6
17,34,185.441,262.727,1773.55
17,35,187.247,270.405,1777.5
17,36,192.93,290.343,1781.45
17,37,197.106,306.112,1785.4
17,38,198.179,309.953,1789.35
17,39,197.424,327.915,1793.3
17,40,203.259,340.601,1797.25
17,41,206.698,343.033,1801.2
17,42,204.627,361.269,1805.15
17,43,206.951,384.29,1809.1
17,44,207.48,401.007,1813.05
17,45,209.688,413.935,1817
17,46,209.7,420.017,1820.95
17,47,209.228,421.019,1824.9
17,48,209.01,420.998,1828.85
17,49,205.397,422.035,1832.8
17,50,203.359,422.08,1836.75
17,51,198.205,426.257,1840.7
17,52,197.589,440.266,1844.65
17,53,199.209,445.008,1848.6
17,54,207.485,453.482,1852.55
17,55,214.473,467.763,1856.5
17,56,219.458,473.902,1860.45
17,57,225.7,479.624,1864.4
17,58,231.174,482.073,1868.35
17,59,241.563,489.828,1872.3
17,60,243.541,493.41,1876.25
17,61,244.13,497.915,1880.2
17,62,244.409,499.27,1884.15
17,63,244.55,499.511,1888.1
17,64,244.469,499.801,1892.05
17,65,244.509,499.997,1896
17,66,244.522,500.028,1899.95
17,67,245.758,502.08,1903.9
17,68,248.406,502.646,1907.85
17,69,249.912,502.91,1911.8
17,70,250.668,503.31,1915.75
17,71,253.106,514.33,1919.7
17,72,253.788,517.054,1923.65
17,73,254.523,520.564,1927.6
17,74,254.973,521.684,1931.55
17,75,256.162,518.449,1935.5
17,76,258.411,515.386,1939.45
17,77,260.564,514.556,1943.4
17,78,260.212,516.03,1947.35
17,79,259.134,517.942,1951.3
17,80,258.012,519.042,1955.25
17,81,258.473,517.073,1959.2
17,82,264.489,514.675,1963.15
17,83,267.001,512.776,1967.1
17,84,266.34,515.662,1971.05
17,85,270.569,517.234,1975
17,86,276.732,513.65,1978.95
17,87,275.406,511.853,1982.9
17,88,275.196,511.586,1986.85
17,89,271.531,511.672,1990.8
17,90,264.168,510.327,1994.75
17,91,262.939,507.853,1998.7
17,92,263.414,507.174,2002.65
17,93,264.354,506.364,2006.6
17,94,266.382,505.406,2010.55
17,95,271.359,505.698,2014.5
17,96,271.752,506.048,2018.45
17,97,273.742,507.553,2022.4
17,98,274.537,507.685,2026.35
17,99,276.286,510.485,2030.3
17,100,276.451,510.755,2034.25
17,101,277.6,510.537,2038.2
17,102,277.338,513.134,2042.15
17,103,277.484,514.006,2046.1
17,104,277.433,514.191,2050.05
17,105,277.8,514.788,2054
17,106,277.274,517.791,2057.95
17,107,277.097,519.144,2061.9
17,108,277.655,517.839,2065.85
17,109,277.323,518.863,2069.8
17,110,276.964,520.427,2073.75
17,111,276.999,520.504,2077.7
17,112,276.817,521.341,2081.65
17,113,277.548,519.76,2085.6
17,114,277.449,519.721,2089.55
17,115,277.352,520.397,2093.5
17,116,277.569,520.082,2097.45
17,117,277.591,519.789,2101.4
17,118,277.642,519.997,2105.35
17,119,277.667,520.122,2109.3
17,120,277.326,520.868,2113.25
17,121,277.505,520.632,2117.2
17,122,277.723,520.743,2121.15
17,123,277.388,521.389,2125.1
17,124,277.092,521.07,2129.05
17,125,276.464,520.242,2133
17,126,276.072,520.166,2136.95
17,127,277.28,521.321,2140.9
17,128,277.665,521.751,2144.85
17,129,277.701,521.648,2148.8
17,130,276.542,521.078,2152.75
17,131,277.627,522.038,2156.7
17,132,277.443,522.283,2160.65
17,133,276.87,521.752,2164.6
17,134,276.236,521.332,2168.55
17,135,277.834,522.283,2172.5
17,136,277.831,521.954,2176.45
17,137,277.858,521.795,2180.4
17,138,277.814,522.146,2184.35
17,139,277.205,522.278,2188.3
17,140,277.261,522.052,2192.25
17,141,277.177,522.613,2196.2
17,142,277.34,522.405,2200.15
17,143,277.349,522.863,2204.1
17,144,275.791,522.317,2208.05
17,145,276.124,522.489,2212
17,146,276.509,522.431,2215.95
17,147,276.92,522.739,2219.9
17,148,276.021,524.529,2223.85
17,149,276.413,523.734,2227.8
17,150,276.002,522.795,2231.75
17,151,275.972,522.819,2235.7
17,152,276.024,523.4,2239.65
17,153,276.117,525.424,2243.6
17,154,278.003,530.795,2247.55
17,155,282.632,534.516,2251.5
17,156,286.216,534.15,2255.45
17,157,288.156,533.389,2259.4
17,158,287.424,533.53,2263.35
17,159,279.515,531.927,2267.3
17,160,274.421,528.098,2271.25
17,161,272.011,524.733,2275.2
17,162,272.134,523.998,2279.15
17,163,275.118,520.295,2283.1
17,164,275.085,520.028,2287.05
17,165,274.799,520.038,2291
17,166,275.138,517.706,2294.95
17,167,276.217,513.472,2298.9
17,168,275.714,509.706,2302.85
17,169,275.758,506.226,2306.8
17,170,275.506,503.041,2310.75
17,171,274.246,501.513,2314.7
17,172,273.855,501.375,2318.65
17,173,273.2,500.563,2322.6
17,174,271.451,500.198,2326.55
17,175,266.14,501.02,2330.5
17,176,264.187,504.733,2334.45
17,177,265.766,506.521,2338.4
17,178,266.576,505.817,2342.35
17,179,268.038,504.531,2346.3
17,180,268.685,503.862,2350.25
17,181,269.31,503.097,2354.2
17,182,267.97,500.597,2358.15
17,183,264.436,502.195,2362.1
17,184,264.393,507.395,2366.05
17,185,269.116,506.198,2370
17,186,269.763,505.596,2373.95
17,187,270.629,504.519,2377.9
17,188,271.094,503.973,2381.85
17,189,271.194,503.569,2385.8
17,190,271.732,501.362,2389.75
17,191,273.74,499.838,2393.7
17,192,275.844,502.453,2397.65
17,193,276.146,508.785,2401.6
17,194,275.477,511.17,2405.55
17,195,274.084,512.576,2409.5
17,196,272.06,513.298,2413.45
17,197,270.379,511.56,2417.4
17,198,272.73,506.574,2421.35
17,199,279.421,505.035,2425.3
17,200,280.906,505.674,2429.25
17,201,283.455,509.217,2433.2
17,202,274.088,510.845,2437.15
17,203,262.892,507.263,2441.1
17,204,252.706,504.465,2445.05
17,205,242.614,495.897,2449
17,206,230.322,487.028,2452.95
17,207,227.928,485.105,2456.9
17,208,227.435,488.868,2460.85
17,209,233.525,481.773,2464.8
17,210,229.168,475.177,2468.75
17,211,222.358,471.446,2472.7
17,212,219.735,469.663,2476.65
17,213,219.207,468.836,2480.6
17,214,219.317,469.609,2484.55
17,215,215.902,469.893,2488.5
17,216,206.937,474.223,2492.45
17,217,204.114,487.257,2496.4
17,218,209.893,499.914,2500.35
17,219,217.065,501.989,2504.3
17,220,226.564,507.146,2508.25
17,221,234.65,513.315,2512.2
17,222,235.737,515.21,2516.15
17,223,235.709,515.253,2520.1
17,224,235.651,515.061,2524.05
17,225,235.683,515.053,2528
17,226,235.664,514.814,2531.95
17,227,235.714,515.071,2535.9
17,228,235.616,514.896,2539.85
17,229,235.648,514.749,2543.8
17,230,235.54,514.801,2547.75
17,231,235.832,514.946,2551.7
17,232,235.669,515.128,2555.65
17,233,235.783,514.859,2559.6
17,234,235.768,514.77,2563.55
17,235,235.737,514.867,2567.5
17,236,235.713,514.868,2571.45
17,237,235.547,514.768,2575.4
17,238,235.77,514.941,2579.35
17,239,235.636,514.524,2583.3
17,240,235.539,514.653,2587.25
17,241,235.62,514.488,2591.2
17,242,235.644,514.711,2595.15
17,243,235.704,514.756,2599.1
17,244,235.571,514.704,2603.05
17,245,235.639,514.832,2607
17,246,235.545,514.585,2610.95
17,247,235.73,514.634,2614.9
17,248,235.71,514.675,2618.85
17,249,235.557,514.732,2622.8
17,250,235.776,514.761,2626.75
17,251,235.75,514.735,2630.7
17,252,235.614,514.693,2634.65
17,253,235.586,514.557,2638.6
17,254,235.652,514.528,2642.55
17,255,235.668,514.615,2646.5
17,256,235.631,514.579,2650.45
17,257,235.71,514.804,2654.4
17,258,235.819,514.762,2658.35
17,259,235.594,514.836,2662.3
17,260,235.729,514.904,2666.25
17,261,235.765,514.882,2670.2
17,262,235.798,514.796,2674.15
17,263,235.705,514.728,2678.1
17,264,235.619,514.644,2682.05
17,265,235.722,514.65,2686
17,266,235.872,514.774,2689.95
17,267,235.77,514.835,2693.9
18,1,350.158,704.098,0
18,2,351.501,705.657,3.95
18,3,349.1,706.174,7.9
18,4,346.941,704.138,11.85
18,5,342.298,697.856,15.8
18,6,341.643,697.854,19.75
18,7,341.747,698.415,23.7
18,8,342.362,698.172,27.65
18,9,341.876,698.418,31.6
18,10,341.744,698.419,35.55
18,11,341.887,698.424,39.5
18,12,341.573,698.136,43.45
18,13,340.479,690.912,47.4
18,14,340.674,690.278,51.35
18,15,336.866,692.029,55.3
18,16,339.018,683.742,59.25
18,17,340.001,682.429,63.2
18,18,334.648,682.941,67.15
18,19,337.896,688.092,71.1
18,20,349.616,682.62,75.05
18,21,355.737,685.991,79
18,22,358.548,692.408,82.95
18,23,341.996,695.931,86.9
18,24,341.66,688.538,90.85
18,25,345.572,683.698,94.8
18,26,347.234,676.463,98.75
18,27,347.604,659.591,102.7
18,28,343.799,651.234,106.65
18,29,339.644,648.078,110.6
18,30,336.488,638.277,114.55
18,31,332.579,623.015,118.5
18,32,330.89,618.971,122.45
18,33,330.206,617.914,126.4
18,34,331.412,621.483,130.35
18,35,332.183,636.632,134.3
18,36,332.082,635.413,138.25
18,37,330.26,640.382,142.2
18,38,327.361,645.78,146.15
18,39,328.36,645.354,150.1
18,40,331.61,640.758,154.05
18,41,335.489,637.652,158
18,42,337.66,638.269,161.95
18,43,337.391,637.508,165.9
18,44,337.198,636.446,169.85
18,45,337.341,635.752,173.8
18,46,332.984,625.61,177.75
18,47,336.275,635.85,181.7
18,48,332.875,635.7,185.65
18,49,332.264,626.145,189.6
18,50,330.934,626.865,193.55
18,51,324.819,625.98,197.5
18,52,323.971,626.974,201.45
18,53,323.64,627.395,205.4
18,54,318.396,632.341,209.35
18,55,317.997,635.715,213.3
18,56,319.972,643.047,217.25
18,57,320.397,646.913,221.2
18,58,320.528,648.242,225.15
18,59,321.844,645.765,229.1
18,60,326.22,633.032,233.05
18,61,328.357,633.311,237
18,62,325.999,632.303,240.95
18,63,320.867,632.327,244.9
18,64,319.871,632.717,248.85
18,65,319.903,631.416,252.8
18,66,319.025,633.206,256.75
18,67,318.466,633.554,260.7
18,68,317.135,636.88,264.65
18,69,317.714,639.433,268.6
18,70,317.872,640.627,272.55
18,71,325.419,649.096,276.5
19,1,351.704,767.519,0
19,2,346.604,763.705,3.95
19,3,343.003,758.809,7.9
19,4,341.165,754.146,11.85
19,5,343.304,747.475,15.8
19,6,336.626,747.023,19.75
19,7,328.887,745.022,23.7
19,8,322.776,740,27.65
19,9,318.381,731.162,31.6
19,10,316.701,724.604,35.55
19,11,314.879,720.475,39.5
19,12,321.909,707.903,43.45
19,13,324.694,702.291,47.4
19,14,323.688,694.409,51.35
19,15,325.49,683.943,55.3
19,16,334.526,680.056,59.25
19,17,342.8,671.142,63.2
19,18,348.581,660.83,67.15
19,19,349.961,657.747,71.1
19,20,349.737,656.013,75.05
19,21,347.642,658.147,79
19,22,340.706,667.806,82.95
19,23,338.622,678.969,86.9
19,24,339.361,684.866,90.85
19,25,337.319,686.886,94.8
19,26,333.591,692.101,98.75
19,27,335.715,696.168,102.7
19,28,338.507,696.959,106.65
19,29,330.856,697.042,110.6
19,30,327.794,687.869,114.55
19,31,332.753,682.783,118.5
19,32,331.798,688.267,122.45
19,33,323.879,691.813,126.4
19,34,317.213,688.818,130.35
19,35,319.122,686.807,134.3
19,36,328.327,688.469,138.25
19,37,328.575,700.069,142.2
19,38,322.755,706.771,146.15
19,39,321.94,717.064,150.1
19,40,323.877,724.426,154.05
19,41,324.027,728.608,158
19,42,327.964,739.533,161.95
19,43,332.146,741.926,165.9
19,44,333.428,742.561,169.85
19,45,335.486,743.256,173.8
19,46,340.747,737.46,177.75
19,47,344.837,737.827,181.7
19,48,346.465,743.363,185.65
19,49,344.248,749.089,189.6
19,50,340.533,751.407,193.55
19,51,340.282,755.93,197.5
19,52,343.847,755.201,201.45
19,53,341.166,746.663,205.4
19,54,335.374,739.752,209.35
19,55,328.308,733.11,213.3
19,56,324.83,730.022,217.25
19,57,320.458,724.978,221.2
19,58,318.604,723.076,225.15
19,59,311.942,719.64,229.1
19,60,307.535,709.484,233.05
19,61,305.471,704.632,237
19,62,302.246,698.243,240.95
19,63,298.055,694.933,244.9
19,64,291.99,691.817,248.85
19,65,288.524,690.278,252.8
19,66,286.631,676.765,256.75
19,67,284.458,671.177,260.7
19,68,281.59,663.72,264.65
19,69,282.607,666.88,268.6
19,70,286.812,678.087,272.55
19,71,292.019,689.944,276.5
19,72,298.334,702.35,280.45
19,73,294.355,709.436,284.4
19,74,291.447,712.889,288.35
19,75,287.364,715.961,292.3
19,76,287.092,716.3,296.25
19,77,287.145,716.021,300.2
19,78,285.793,721.421,304.15
19,79,285.468,725.48,308.1
19,80,283.788,728.214,312.05
19,81,287.228,730.373,316
19,82,287.209,730.487,319.95
19,83,288.795,731.542,323.9
19,84,290.192,732.751,327.85
19,85,290.705,733.759,331.8
19,86,290.502,733.614,335.75
19,87,295.577,731.17,339.7
19,88,298.136,729.143,343.65
19,89,296.992,726.866,347.6
19,90,294.239,724.802,351.55
19,91,290.738,724.746,355.5
19,92,290.852,724.934,359.45
19,93,284.01,722.641,363.4
19,94,279.357,723.955,367.35
19,95,274.915,725.354,371.3
19,96,275.037,725.327,375.25
19,97,274.977,725.315,379.2
19,98,277.261,724.388,383.15
19,99,277.452,724.505,387.1
19,100,277.311,724.512,391.05
19,101,277.171,724.623,395
19,102,277.316,724.578,398.95
19,103,277.123,724.531,402.9
19,104,277.273,724.708,406.85
19,105,276.88,724.753,410.8
19,106,276.908,724.749,414.75
19,107,276.837,724.783,418.7
19,108,276.845,724.771,422.65
19,109,276.931,724.886,426.6
19,110,276.866,724.765,430.55
19,111,276.946,724.758,434.5
19,112,276.834,724.865,438.45
19,113,277.076,724.847,442.4
19,114,277.257,724.83,446.35
19,115,276.968,724.976,450.3
19,116,276.948,724.893,454.25
19,117,276.995,724.899,458.2
19,118,277.014,724.93,462.15
19,119,276.952,724.945,466.1
19,120,276.854,725.058,470.05
19,121,277.01,724.994,474
19,122,277.146,725.05,477.95
19,123,276.886,725.045,481.9
19,124,276.716,725.094,485.85
19,125,276.679,725.186,489.8
19,126,276.943,724.913,493.75
19,127,276.715,725.014,497.7
19,128,276.644,725.07,501.65
19,129,276.927,724.93,505.6
19,130,276.666,724.967,509.55
19,131,276.966,724.906,513.5
19,132,276.812,724.952,517.45
19,133,276.6,725.093,521.4
19,134,276.647,725.073,525.35
19,135,276.218,725.149,529.3
19,136,276.052,725.466,533.25
19,137,276.023,725.444,537.2
19,138,275.955,725.375,541.15
19,139,276.254,725.174,545.1
19,140,276.468,724.875,549.05
19,141,277.135,723.71,553
19,142,276.791,723.877,556.95
19,143,276.569,724.821,560.9
19,144,276.618,724.982,564.85
19,145,276.647,724.662,568.8
19,146,276.874,724.151,572.75
19,147,276.563,724.345,576.7
19,148,276.401,724.45,580.65
19,149,276.512,724.42,584.6
19,150,276.423,724.441,588.55
19,151,276.623,724.27,592.5
19,152,276.504,724.415,596.45
19,153,276.579,724.198,600.4
19,154,276.583,724.316,604.35
19,155,276.666,724.028,608.3
19,156,276.644,724.267,612.25
19,157,276.484,724.241,616.2
19,158,276.651,724.212,620.15
19,159,276.714,724.189,624.1
19,160,276.754,724.096,628.05
19,161,276.575,724.18,632
19,162,276.49,724.096,635.95
19,163,276.413,723.929,639.9
19,164,276.243,723.963,643.85
19,165,276.439,723.997,647.8
19,166,276.146,724.052,651.75
19,167,276.171,723.863,655.7
19,168,276.165,723.954,659.65
19,169,276.236,723.979,663.6
19,170,276.235,723.919,667.55
19,171,276.204,723.863,671.5
19,172,276.194,723.87,675.45
19,173,276.198,723.758,679.4
19,174,276.22,723.716,683.35
19,175,276.097,723.707,687.3
19,176,279.706,717.705,691.25
19,177,282.272,712.93,695.2
19,178,284.426,709.981,699.15
19,179,284.065,703.734,703.1
19,180,285.408,699.354,707.05
19,181,285.001,699.628,711
19,182,287.162,699.117,714.95
19,183,287.051,698.582,718.9
19,184,287.191,698.507,722.85
19,185,287.009,698.496,726.8
19,186,282.792,701.021,730.75
19,187,284.713,698.923,734.7
19,188,284.814,698.611,738.65
19,189,285.168,697.019,742.6
19,190,285.214,696.872,746.55
19,191,283.02,697.974,1165.25
19,192,283.106,697.344,1169.2
19,193,284.405,697.801,1173.15
19,194,283.283,700.29,1177.1
19,195,283.126,701.003,1181.05
19,196,283.343,701.166,1185
19,197,282.014,703.506,1188.95
19,198,282.455,706.051,1192.9
19,199,281.938,703.336,1196.85
19,200,282.196,703.044,1200.8
19,201,278.902,702.518,1204.75
19,202,278.633,701.443,1208.7
19,203,276.88,692.264,1212.65
19,204,276.426,691.917,1216.6
19,205,275.775,690.922,1220.55
19,206,276.128,690.215,1224.5
19,207,274.144,691.969,1228.45
19,208,275.037,694.335,1232.4
19,209,276.19,696.218,1236.35
19,210,277.262,700.09,1240.3
19,211,281.733,704.442,1244.25
19,212,287.331,728.174,1248.2
19,213,288.166,732.603,1252.15
19,214,286.516,730.841,1256.1
19,215,283.484,728.258,1260.05
19,216,284.772,730.059,1264
19,217,284.007,730.109,1267.95
19,218,283.713,733.048,1271.9
19,219,284.956,731.889,1275.85
19,220,285.047,730.163,1279.8
19,221,285.186,731.869,1283.75
19,222,284.775,732.364,1287.7
19,223,284.897,732.422,1291.65
19,224,284.801,732.299,1295.6
19,225,284.799,732.234,1299.55
19,226,284.831,731.256,1303.5
19,227,285.055,731.856,1307.45
19,228,284.893,732.307,1311.4
19,229,284.729,732.178,1315.35
19,230,284.936,732.633,1319.3
19,231,284.812,732.338,1323.25
19,232,284.699,732.408,1327.2
19,233,284.899,733.031,1331.15
19,234,283.846,730.823,1335.1
19,235,286.32,730.294,1339.05
19,236,285.375,729.233,1343
19,237,284.285,727.545,1346.95
19,238,285.43,732.776,1350.9
19,239,285.101,732.034,1354.85
19,240,284.294,730.139,1358.8
19,241,284.515,730.503,1362.75
19,242,284.176,730.544,1366.7
19,243,282.421,727.663,1370.65
19,244,279.269,725.426,1374.6
19,245,275.408,727.912,1378.55
19,246,275.146,728.635,1382.5
19,247,274.829,729.479,1386.45
19,248,274.832,729.614,1390.4
19,249,274.794,729.377,1394.35
19,250,274.9,729.445,1398.3
19,251,274.841,729.485,1402.25
19,252,274.824,729.598,1406.2
19,253,274.913,729.754,1410.15
19,254,274.994,729.725,1414.1
19,255,274.904,729.606,1418.05
19,256,274.888,729.737,1422
19,257,274.997,729.627,1425.95
19,258,274.897,729.712,1429.9
19,259,275.045,728.976,1433.85
19,260,275.289,727.27,1437.8
19,261,275.416,725.774,1441.75
19,262,274.698,721.569,1445.7
19,263,271.943,719.928,2693.9
20,1,133.688,232.116,367.35
20,2,134.075,230.162,371.3
20,3,134.095,227.671,375.25
20,4,139.01,227.164,379.2
20,5,141.98,227.109,383.15
20,6,139.211,227.357,387.1
20,7,141.614,234.238,391.05
20,8,143.689,233.318,395
20,9,140.12,234.466,398.95
20,10,138.035,243.733,402.9
20,11,141.081,251.952,406.85
20,12,145.595,257.27,410.8
20,13,147.3,270.447,414.75
20,14,147.853,280.144,418.7
20,15,152.043,290.018,422.65
20,16,152.558,292.85,426.6
20,17,157.786,291.445,430.55
20,18,163.943,288.308,434.5
20,19,163.786,290.547,438.45
20,20,163.615,293.409,442.4
20,21,167.497,294.883,446.35
20,22,170.053,303.235,450.3
20,23,172.201,316.454,454.25
20,24,174.387,322.68,458.2
20,25,179.475,322.685,462.15
20,26,178.674,315.918,466.1
20,27,174.386,315.846,470.05
20,28,175.247,322.58,474
20,29,179.229,337.239,477.95
20,30,181.692,350.254,481.9
20,31,186.5,359.709,485.85
20,32,190.245,355.895,489.8
20,33,188.558,345.835,493.75
20,34,183.035,343.281,497.7
20,35,181.361,343.328,501.65
20,36,182.194,337.935,505.6
20,37,179.384,335.994,509.55
20,38,175.264,333.363,513.5
20,39,179.896,326.232,517.45
20,40,181.941,326.637,521.4
20,41,182.771,320.161,525.35
20,42,192.896,315.344,529.3
20,43,194.08,318.606,533.25
20,44,198.003,328.988,537.2
20,45,199.732,332.142,541.15
20,46,201.972,341.792,545.1
20,47,203.355,343.54,549.05
20,48,205.039,344.812,553
20,49,205.723,344.157,556.95
20,50,206.841,343.858,560.9
20,51,203.532,352.719,564.85
20,52,200.287,352.714,568.8
20,53,198.924,351.402,572.75
20,54,199.711,350.539,576.7
20,55,202.253,351.684,580.65
20,56,203.856,353.99,584.6
20,57,205.516,357.897,588.55
20,58,207.945,355.595,592.5
20,59,206.544,345.49,596.45
20,60,205.377,334.202,600.4
20,61,203.693,329.95,604.35
20,62,206.68,325.242,608.3
20,63,202.82,332.085,612.25
20,64,200.12,329.469,616.2
20,65,199.394,320.163,620.15
20,66,205.027,315.074,624.1
20,67,206.083,311.829,628.05
20,68,204.612,310.256,632
20,69,209.084,307.302,635.95
20,70,208.248,301.499,639.9
20,71,209.819,296.552,643.85
20,72,217.905,295.808,647.8
20,73,219.417,298.621,651.75
20,74,218.452,297.701,655.7
20,75,220.532,292.53,659.65
20,76,217.248,278.67,663.6
20,77,212.307,269.367,667.55
20,78,209.291,268.152,671.5
20,79,206.837,267.886,675.45
20,80,202.033,262.266,679.4
20,81,202.435,258.556,683.35
20,82,207.216,259.983,687.3
20,83,211.182,265.654,691.25
20,84,216.331,270.271,695.2
20,85,219.651,273.612,699.15
20,86,225.494,275.594,703.1
20,87,227.082,272.298,707.05
20,88,224.599,269.47,711
20,89,216.032,264.698,714.95
20,90,215.551,259.42,718.9
20,91,215.172,257.617,722.85
20,92,214.954,256.57,726.8
20,93,213.65,254.47,730.75
20,94,211.13,252.594,734.7
20,95,205.844,252.85,738.65
20,96,208.776,258.166,742.6
20,97,212.458,259.522,746.55
20,98,214.409,258.608,750.5
20,99,213.99,251.449,754.45
20,100,213.568,246.577,758.4
20,101,213.556,244.234,762.35
20,102,213.592,243.988,766.3
20,103,213.561,243.699,770.25
20,104,214.016,242.167,774.2
20,105,214.898,240.152,778.15
20,106,215.667,239.352,782.1
20,107,216.271,239.05,786.05
20,108,214.899,242.529,790
20,109,214.661,244.066,793.95
20,110,214.821,243.959,797.9
20,111,214.648,243.777,801.85
20,112,214.615,243.942,805.8
20,113,214.581,245.474,809.75
20,114,214.428,247.002,813.7
20,115,214.038,247.961,817.65
20,116,213.815,248.558,821.6
20,117,213.586,248.974,825.55
20,118,213.232,249.492,829.5
20,119,212.832,249.765,833.45
20,120,212.377,250.015,837.4
20,121,212.015,249.997,841.35
20,122,212.213,250.612,1153.4
20,123,212.03,250.295,1157.35
20,124,211.855,249.772,1161.3
20,125,208.524,247.166,1165.25
20,126,205.088,248.752,1169.2
20,127,203.928,249.696,1173.15
20,128,203.631,249.886,1177.1
20,129,203.539,248.773,1181.05
20,130,203.654,247.916,1185
20,131,204.458,246.527,1188.95
20,132,204.979,245.594,1192.9
20,133,205.05,245.476,1196.85
20,134,206.838,243.855,1200.8
21,1,153.175,224.285,0
21,2,153.258,224.104,3.95
21,3,153.509,223.99,7.9
21,4,153.418,224.109,11.85
21,5,153.61,223.965,15.8
21,6,154.091,223.712,19.75
21,7,159.975,220.033,23.7
21,8,161.948,220.796,27.65
21,9,161.765,228.132,31.6
21,10,157.583,228.752,35.55
21,11,154.05,229.771,39.5
21,12,151.397,233.606,43.45
21,13,151.975,236.195,47.4
21,14,152.087,236.912,51.35
21,15,151.871,237.5,55.3
21,16,151.914,238.715,59.25
21,17,150.772,239.417,63.2
21,18,147.389,241.405,67.15
21,19,143.795,237.486,71.1
21,20,150.532,238.599,75.05
21,21,150.307,239.559,79
21,22,145.813,240.089,82.95
21,23,150.167,239.435,86.9
21,24,146.172,241.108,90.85
21,25,152.006,241.454,94.8
21,26,153.396,238.749,98.75
21,27,152.631,238.137,102.7
21,28,152.486,238.995,106.65
21,29,152.259,238.534,110.6
21,30,152.443,237.847,114.55
21,31,152.416,236.813,118.5
21,32,151.184,233.391,122.45
21,33,147.693,239.09,126.4
21,34,150.836,240.453,130.35
21,35,153.47,235.622,134.3
21,36,152.953,235.122,138.25
21,37,152.983,235.114,142.2
21,38,152.306,234.538,146.15
21,39,150.871,233.558,150.1
21,40,148.782,232.747,154.05
21,41,151.195,240.884,158
21,42,151.952,234.544,161.95
21,43,146.501,239.208,165.9
21,44,150.601,241.338,169.85
21,45,149.72,233.865,173.8
21,46,148.648,241.331,177.75
21,47,151.644,234.051,181.7
21,48,145.288,227.56,185.65
21,49,152.2,241.344,189.6
21,50,149.297,232.803,193.55
21,51,150.409,245.064,197.5
21,52,150.108,241.342,201.45
21,53,150.93,241.312,205.4
21,54,151.052,241.483,209.35
21,55,151.836,241.596,213.3
21,56,153.387,238.862,217.25
21,57,147.527,233.148,221.2
21,58,151.25,241.451,225.15
21,59,152.462,235.086,229.1
21,60,149.072,242.657,233.05
21,61,149.925,243.148,237
21,62,150.373,242.84,240.95
21,63,151.624,241.699,244.9
21,64,151.416,234.102,248.85
21,65,149.923,245.388,252.8
21,66,152.994,235.415,256.75
21,67,151.223,233.674,260.7
21,68,148.569,244.672,264.65
21,69,152.881,237.601,268.6
21,70,147.728,231.958,272.55
21,71,150.368,244.889,276.5
21,72,151.821,234.304,280.45
21,73,138.493,235.566,284.4
21,74,153.212,239.386,288.35
21,75,148.238,233.568,292.3
21,76,149.211,243.184,296.25
21,77,151.227,233.986,300.2
21,78,144.679,237.137,304.15
21,79,155.444,237.493,308.1
21,80,148.483,233.219,312.05
21,81,152.099,242.072,316
21,82,148.329,232.241,319.95
21,83,149.633,244.277,323.9
21,84,151.973,234.667,327.85
21,85,146.003,232.341,331.8
21,86,150.852,243.085,335.75
21,87,150.517,233.695,339.7
21,88,142.651,242.316,343.65
21,89,150.027,245.763,347.6
21,90,150.2,245.029,351.55
21,91,151.532,245.939,355.5
21,92,151.452,246.048,359.45
21,93,151.682,245.972,363.4
21,94,149.925,244.914,367.35
21,95,152.364,246.247,371.3
21,96,153.774,247.804,375.25
21,97,151.388,251.996,379.2
21,98,147.789,238.72,383.15
21,99,150.288,236.884,387.1
21,100,147.973,236.18,391.05
21,101,152.969,239.24,395
21,102,154.905,245.03,398.95
21,103,157.474,245.182,402.9
21,104,161.387,234.369,406.85
21,105,159.58,230.689,410.8
21,106,154.719,229.131,414.75
21,107,152.818,226.461,418.7
21,108,160.568,220.016,422.65
21,109,167.373,233.578,426.6
21,110,166.239,233.546,430.55
21,111,169.136,222.696,434.5
21,112,169.238,218.488,438.45
21,113,171.058,208.486,442.4
21,114,177.748,204.721,446.35
21,115,182.555,207.109,450.3
21,116,181.753,203.487,454.25
21,117,188.234,198.901,458.2
21,118,191.23,216.433,462.15
21,119,190.459,221.752,466.1
21,120,190.583,230.525,470.05
21,121,199.897,247.359,474
21,122,199.898,252.085,477.95
21,123,199.848,252.342,481.9
21,124,199.717,252.414,485.85
21,125,199.675,252.249,489.8
21,126,199.488,253.575,493.75
21,127,196.215,267.096,497.7
21,128,195.964,266.484,501.65
21,129,195.835,266.243,505.6
21,130,195.927,266.376,509.55
21,131,198.456,275.328,513.5
21,132,206.875,279.313,517.45
21,133,223.19,280.131,521.4
21,134,232.495,287.776,525.35
21,135,244.309,299.523,529.3
21,136,258.948,316.244,533.25
21,137,265.741,330.411,537.2
21,138,271.294,338.611,541.15
21,139,284.024,350.061,545.1
21,140,293.83,353.451,549.05
21,141,295.424,353.136,553
22,1,434.017,68.13,560.9
22,2,433.661,66.616,564.85
22,3,432.409,55.117,568.8
22,4,420.76,54.385,572.75
22,5,416.512,59.658,576.7
22,6,402.005,58.377,580.65
22,7,398.041,63.255,584.6
22,8,388.769,74.862,588.55
22,9,391.732,87.332,592.5
22,10,389.217,89.698,596.45
22,11,386.645,87.271,600.4
22,12,391.706,85.144,604.35
22,13,391.169,95.026,608.3
22,14,394.412,106.993,612.25
22,15,396.078,112.275,616.2
22,16,393.532,103.706,620.15
22,17,391.024,98.409,624.1
22,18,393.431,91.462,628.05
22,19,400.618,93.202,632
22,20,406.35,107.934,635.95
22,21,403.387,114.823,639.9
22,22,405.676,111.496,643.85
22,23,407.294,106.901,647.8
22,24,407.155,98.803,651.75
22,25,400.669,101.162,655.7
22,26,399.724,97.199,659.65
22,27,397.007,87.263,663.6
22,28,395.365,77.457,667.55
22,29,393.683,77.549,671.5
22,30,392.145,78.497,675.45
22,31,393.739,74.013,679.4
22,32,391.278,56.88,683.35
22,33,390.083,54.205,687.3
22,34,387.387,53.052,691.25
22,35,385.497,55.978,695.2
22,36,383.002,51.563,699.15
22,37,391.159,46.732,703.1
22,38,392.795,47.551,707.05
22,39,402.263,48.391,711
22,40,404.181,49.152,714.95
22,41,410,43.438,718.9
22,42,413.259,43.719,722.85
22,43,416.448,44.98,726.8
22,44,420.709,55.531,730.75
22,45,420.48,63.896,734.7
23,1,449.694,85.762,1011.2
23,2,440.937,75.498,1015.15
23,3,438.579,68.784,1019.1
23,4,438.323,72.802,1023.05
23,5,438.318,82.077,1027
23,6,435.482,87.001,1030.95
23,7,435.925,97.741,1034.9
23,8,431.072,105.73,1038.85
23,9,428.369,105.084,1042.8
23,10,428.239,103.257,1046.75
23,11,428.028,99.266,1050.7
23,12,428.645,97.473,1054.65
23,13,432.6,100.861,1058.6
23,14,428.926,102.906,1062.55
23,15,426.192,102.315,1066.5
23,16,426.568,101.832,1070.45
23,17,428.401,101.246,1074.4
23,18,431.274,107.506,1078.35
23,19,437.097,113.842,1082.3
23,20,440.283,114.496,1086.25
23,21,441.893,115.852,1090.2
23,22,440.136,116.036,1094.15
23,23,440.344,115.732,1098.1
23,24,440.803,115.354,1102.05
23,25,444.433,116.191,1106
23,26,445.947,118.279,1109.95
23,27,446.975,121.228,1113.9
23,28,448.517,124.538,1117.85
23,29,450.004,126.614,1121.8
23,30,449.988,127.068,1125.75
23,31,450.552,127.102,1129.7
23,32,450.733,127.283,1133.65
23,33,450.584,127.395,1137.6
23,34,450.739,127.591,1141.55
23,35,451.225,127.709,1145.5
23,36,452.604,128.495,1149.45
23,37,453.91,128.501,1153.4
23,38,449.634,121.624,1157.35
23,39,448.736,116.076,1161.3
23,40,449.057,103.85,1165.25
23,41,450.762,94.846,1169.2
23,42,447.556,88.862,1173.15
23,43,449.805,83.511,1177.1
23,44,447.378,76.934,1181.05
23,45,448.666,71.917,1185
23,46,456.847,77.989,1188.95
23,47,457.639,78.249,1192.9
23,48,458.134,78.182,1196.85
23,49,457.73,77.901,1200.8
23,50,454.111,79.501,1204.75
23,51,454.982,79.605,1208.7
23,52,460.229,82.236,1212.65
23,53,462.298,86.435,1216.6
23,54,465.549,92.444,1220.55
23,55,470.175,98.408,1224.5
23,56,477.275,100.022,1228.45
23,57,487.404,100.273,1232.4
23,58,494.43,102.52,1236.35
23,59,489.603,100.735,1240.3
23,60,488.491,98.824,1244.25
23,61,489.062,97.235,1248.2
23,62,491.646,95.181,1252.15
23,63,491.833,95.634,1256.1
23,64,493.011,96.194,1260.05
